rank,implementing_agency,work_count,median_approval_gap_days
1,CACHAR(DEPUTY COMMISSIONER CACHAR_IDA),69,422.0
2,Maihar(District Collector Maihar_IDA),55,417.0
3,MUMBAI(DISTRICT COLLECTOR MUMBAI CITY_IDA),40,402.5
4,BEED(DISTRICT COLLECTOR BEED_IDA),40,393.5
5,YAVATMAL(DISTRICT COLLECTOR YAVATMAL_IDA),49,385.0
6,KUMURAM BHEEM ASIFABAD(District Collector KB Asifabad_IDA),56,375.0
7,LATUR(DISTRICT COLLECTOR LATUR_IDA),37,358.0
8,THENI(District Collector Theni_5),30,356.0
9,SOLAPUR(DISTRICT COLLECTOR SOLAPUR_IDA),58,334.0
10,NEEMUCH(District Collector Neemuch_IDA),90,333.0
11,BELAGAVI(DEPUTY COMMISSIONER BELGAUM_IDA),61,327.0
12,SATNA(DISTRICT COLLECTOR SATNA_IDA),240,325.0
13,MAHABUBABAD(DISTRICT COLLECTOR MAHABUBABAD_IDA),115,322.0
14,KOZHIKODE(DISTRICT COLLECTOR KOZHIKODE_IDA),182,315.5
15,Dharashiv(DISTRICT COLLECTOR OSMANABAD_IDA),34,307.5
16,CHIKKAMAGALURU(DEPUTY COMMISSIONER CHIKMAGALUR),69,306.0
17,Thoothukkudi(DISTRICT COLLECTOR THOOTHUKUDI_IDA),28,302.5
18,MALAPPURAM(DISTRICT COLLECTOR MALAPPURAM_IDA),326,295.0
19,North 24 Parganas(DISTRICT MAGISTRATE NORTH TWENTY FOUR PARGANAS_IDA),166,284.0
20,PUNE(DISTRICT COLLECTOR PUNE_IDA),128,280.0
21,Puducherry(PROJECT DIRECTOR RDA PUDUCHERRY_IDA),27,273.0
22,KOLHAPUR(DISTRICT COLLECTOR KOLHAPUR_IDA),39,269.0
23,TIRUCHIRAPPALLI(DISTRICT COLLECTOR TIRUCHIRAPPALLI_IDA),70,268.5
24,COIMBATORE(DISTRICT COLLECTOR COIMBATORE_IDA),62,267.5
25,UMARIA(District Collector Umariya_IDA),32,267.0
26,JALAUN(DISTRICT MAGISTRATE JALAUN_IDA),138,263.0
27,NANDED(DISTRICT COLLECTOR NANDED_IDA),82,259.5
28,SANGAREDDY(District Collector Sangareddy_IDA),103,259.0
29,BARPETA(DEPUTY COMMISSIONER BARPETA 1),23,255.0
30,NORTH GOA(DISTRICT COLLECTOR NORTH GOA_IDA),26,254.5
31,MUNGER(DISTRICT PLANNING OFFICER MUNGER_IDA),36,252.0
32,SIVASAGAR(Deputy Commissioner Sivsagar_IDA),83,248.0
33,KODAGU(Deputy Commsioner Kodagu_ida),35,248.0
34,PATHANAMTHITTA(DISTRICT COLLECTOR PATHANAMTHITTA_IDA),119,246.0
35,Eluru(DISTRICT COLLECTOR ELURU_IDA),99,245.0
36,GADCHIROLI(DISTRICT COLLECTOR GADCHIROLI_IDA),25,243.0
37,Chhatrapati Sambhajinagar(DISTRICT COLLECTOR AURANGABAD_IDA),59,241.0
38,MURSHIDABAD(DISTRICT MAGISTRATE MURSHIDABAD_IDA),526,239.0
39,HAMIRPUR(DISTRICT MAGISTRATE HAMIRPUR_2),39,239.0
40,"Ranipet(District Collector, Ranipet_2)",40,238.0
41,VIJAYAPURA(DEPUTY COMMISSIONER BIJAPUR_IDA),127,235.0
42,KOLAR(DEPUTY COMMISSIONER KOLAR_IDA),56,231.0
43,TUMAKURU(DEPUTY COMMISSIONER TUMKUR_IDA),67,228.0
44,MAHOBA(DISTRICT MAGISTRAE MAHOBA_IDA),60,228.0
45,Niwari(District Collector Niwari_IDA),22,228.0
46,Mayiladuthurai(District Collector Mayiladuthurai_IDA),40,226.5
47,WARANGAL(District Collector Warangal_IDA),150,226.0
48,KARUR(DISTRICT COLLECTOR KARUR_IDA),70,225.0
49,UDUPI(DEPUTY COMMISSIONER UDUPI_IDA),115,219.0
50,KANPUR DEHAT(DISTRICT MAGISTRATE KANPUR DEHAT_IDA),76,219.0
51,MADURAI(DISTRICT COLLECTOR MADURAI_IDA),158,216.0
52,CHARAIDEO(Deputy Commissioner Charaideo_IDA),75,216.0
53,THE NILGIRIS(DISTRICT COLLECTOR NILGIRIS_IDA),46,215.0
54,THRISSUR(DISTRICT COLLECTOR THRISSUR_IDA),158,214.0
55,TAMULPUR(IDA Tamulpur),38,214.0
56,CHENNAI(COMMISSIONER MUNCIPAL CORPORATION CHENNAI_IDA),106,213.5
57,CHIKKABALLAPURA(DEPUTY COMMISSIONER CHICKKABALLAPUR_IDA),50,212.0
58,KODERMA(DEPUTY COMMISSIONER KODARMA_IDA),108,210.5
59,RAJGARH(DISTRICT COLLECTOR RAJGARH_IDA),277,210.0
60,JORHAT(DEPUTY COMMISSIONER JORHAT_IDA),133,209.0
61,MUMBAI SUBURBAN(DISTRICT COLLECTOR MUMBAI SUBURBAN_IDA),177,207.0
62,Cooch Behar(DISTRICT MAGISTRATE COOCHBEHAR_IDA),99,206.0
63,DARJEELING(DISTRICT MAGISTRATE DARJEELING_IDA),94,203.0
64,HASSAN(DEPUTY COMMISSIONER HASSAN_IDA),156,202.0
65,DINDORI(District Collector Dindori_IDA),28,202.0
66,SHEIKHPURA(DISTRICT PLANNING OFFICER SHEIKHPURA_IDA),93,200.0
67,TINSUKIA(DC Tinsukia),53,200.0
68,CHIRANG(Deputy Commissioner Chirang_IDA),36,197.5
69,THANE(DISTRICT COLLECTOR THANE_IDA),95,196.0
70,Shrawasti(DISTRICT MAGISTRATE SHRAVASTI_IDA),649,195.0
71,SHIVAMOGGA(DEPUTY COMMISSIONER SHIMOGA_IDA),189,195.0
72,Kendujhar(DISTRICT COLLECTOR KEONJHAR_IDA),154,193.0
73,TIRUPPUR(DISTRICT COLLECTOR TIRUPPUR_IDA),137,191.0
74,JAGATSINGHAPUR(DISTRICT COLLECTOR JAGATSINGHPUR_IDA),51,191.0
75,JALPAIGURI(DISTRICT MAGISTRATE JALPAIGURI_IDA),21,191.0
76,JABALPUR(DISTRICT COLLECTOR JABALPUR_IDA),154,190.0
77,ERNAKULAM(DISTRICT COLLECTOR ERNAKULAM_IDA),198,187.0
78,Kushinagar(DISTRICT MAGISTRATE KUSHINAGAR PADRAUNA_IDA),211,185.0
79,DHULE(DISTRICT COLLECTOR DHULE_IDA),123,185.0
80,SUPAUL(DISTRICT PLANNING OFFICER SUPAUL_IDA),80,185.0
81,GADAG(Deputy Commsioner Gadag_ida),48,184.5
82,WAYANAD(DISTRICT COLLECTOR WAYANAD_IDA),28,184.5
83,BAGHPAT(DISTRICT MAGISTRATE BAGHPAT_IDA),45,184.0
84,BENGALURU URBAN(DEPUTY COMMISSIONER BANGALORE URBAN_IDA),187,182.0
85,BIDAR(DEPUTY COMMISSIONER BIDAR_IDA),80,182.0
86,SURYAPET(DISTRICT COLLECTOR SURYAPET),51,182.0
87,SIVAGANGA(DISTRICT COLLECTOR SIVAGANGA_IDA),104,181.0
88,Pandhurna(District Collector Pandhurna_IDA),51,179.0
89,Tirupathur(District Collector Tirupathur_IDA),100,178.5
90,PAKUR(Deputy Commissioner Pakur_IDA),180,178.0
91,Chamarajanagar(DEPUTY COMMISSIONER CHAMARAJNAGAR_IDA),52,176.0
92,KAMRUP(DEPUTY COMMISSIONER KAMRUP_IDA),20,176.0
93,PALAKKAD(DISTRICT COLLECTOR PALAKKAD_IDA),282,173.0
94,Dahod(DISTRICT COLLECTOR DOHAD_IDA),269,172.0
95,KANNAUJ(DISTRICT MAGISTRATE KANNAUJ_IDA),73,172.0
96,NANDURBAR(DISTRICT COLLECTOR NANDURBAR_IDA),151,171.0
97,PEDDAPALLI(District Collector Peddapally_IDA),30,171.0
98,MYSURU(DEPUTY COMMISSIONER MYSORE_IDA),121,170.0
99,BALLIA(DISTRICT MAGISTRAE BALLIA_IDA),297,169.0
100,DINDIGUL(DISTRICT COLLECTOR DINDIGUL_IDA),97,169.0
101,BALLARI(DEPUTY COMMISSIONER BELLARY_IDA),20,169.0
102,Jagitial(DISTRICT COLLECTOR JAGTIAL_IDA),291,168.0
103,SOUTH GOA(DISTRICT COLLECTOR SOUTH GOA_IDA),57,166.0
104,GUNTUR(DISTRICT COLLECTOR GUNTUR_IDA),96,165.5
105,MADHUBANI(DISTRICT PLANNING OFFICER MADHUBANI_IDA),215,165.0
106,MUZAFFARNAGAR(DISTRICT MAGISTRATE MUZAFFARNAGAR_IDA),159,165.0
107,KAMRUP METRO(DEPUTY COMMISSIONER KAMRUP METROPOLITAN_IDA),51,165.0
108,BONGAIGAON(Deputy Commissioner Bongaigaon_IDA),35,165.0
109,RAYAGADA(DISTRICT COLLECTOR RAYAGADA_IDA),202,163.0
110,CUDDALORE(DISTRICT COLLECTOR CUDDALORE_IDA),133,162.0
111,GOLAGHAT(Deputy Commissioner Golaghat_IDA),52,161.5
112,MAU(DISTRICT MAGISTRATE MAU_IDA),176,161.0
113,CHITRADURGA(DEPUTY COMMISSIONER CHITRADURGA_IDA),108,161.0
114,AKOLA(DISTRICT COLLECTOR AKOLA_IDA),83,161.0
115,DIBRUGARH(DEPUTY COMMISSIONER DIBRUGARH_IDA),25,160.0
116,UTTARA KANNADA(DEPUTY COMMISSIONER UTTARKANNADA KARWAR_IDA),52,159.5
117,UDALGURI(DEPUTY COMMISSIONER Udalguri_IDA),110,158.5
118,RI BHOI(DEPUTY COMMISSIONER RIBHOI NONGPOH_IDA),72,155.5
119,"EAST KHASI HILLS(Deputy Commissioner, East Khasi Hills District)",59,155.0
120,SULTANPUR(DISTRICT MAGISTRATE SULTANPUR_IDA),20,155.0
121,SONBHADRA(DISTRICT MAGISTRATE SONBHADRA_IDA),246,153.0
122,JANGOAN(DISTRICT COLLECTOR JANGAON_IDA),115,153.0
123,WEST JAINTIA HILLS(DEPUTY COMMISSIONER WEST JAINTIA HILLS JOWAI_IDA),39,152.0
124,KALIMPONG(District Magistrate Kalimpong_IDA),32,152.0
125,HYDERABAD(DISTRICT COLLECTOR HYDERABAD_IDA),25,151.0
126,RAJANNA SIRCILLA(DISTRICT COLLECTOR RAJANNA SIRCILLA_IDA),82,150.0
127,FATEHPUR(DISTRICT MAGISTRATE FATEHPUR_IDA),74,148.0
128,JAMNAGAR(DISTRICT COLLECTOR JAMNAGAR_IDA),68,148.0
129,KATIHAR(DISTRICT PLANNING OFFICER KATIHAR_IDA),98,147.5
130,Kendrapada(DISTRICT COLLECTOR KENDRAPARA_IDA),37,147.0
131,Udham Singh Nagar(DISTRICT MAGISTRATE UDHAMSINGH NAGAR_IDA),99,146.0
132,RAIGAD(DISTRICT COLLECTOR RAIGAD_IDA),62,146.0
133,JEHANABAD(DISTRICT PLANNING OFFICER JEHANABAD_IDA),111,145.0
134,BHOJPUR(DISTRICT PLANNING OFFICER BHOJPUR ARRAH_IDA),104,145.0
135,TIRUNELVELI(DISTRICT COLLECTOR TIRUNELVELI_IDA),66,145.0
136,KANNUR(DISTRICT COLLECTOR KANNUR_IDA),259,144.0
137,Ahilyanagar(DISTRICT COLLECTOR AHMEDNAGAR_IDA),161,144.0
138,Balrampur-Ramanujganj(District Collector BALRAMPUR_IDA),29,144.0
139,SOUTH GARO HILLS(DEPUTY COMMISSIONER BAGHMARA_IDA),21,144.0
140,Bengaluru South(DEPUTY COMMISSIONER RAMANAGARA_IDA),108,143.0
141,Malda(DISTRICT MAGISTRATE MALDA_IDA),91,143.0
142,IDUKKI(DISTRICT COLLECTOR IDUKKI_IDA),69,143.0
143,TENKASI(DISTRICT COLLECTOR TENKASI_IDA),96,142.0
144,Didwana-Kuchaman(DISTRICT COLLECTOR Didwana Kuchaman_IDA),49,142.0
145,ADILABAD(DISTRICT COLLECTOR ADILABAD_IDA),51,141.0
146,GIRIDIH(Deputy Commissioner Giridh_IDA),251,140.0
147,WARDHA(DISTRICT COLLECTOR WARDHA_IDA),52,140.0
148,BARAMULLA(DEPUTY COMMISSIONER BARAMULLAH_IDA),50,140.0
149,CHENGALPATTU(District Collector Chengalpattu_IDA),229,139.0
150,NABARANGPUR(DISTRICT COLLECTOR NABARANGPUR_IDA),113,139.0
151,SAMBHAL(DISTRICT MAGISTRAE BHIMNAGAR SAMBHAL_IDA),205,138.0
152,Amethi(DISTRICT MAGISTRAE AMETHI_IDA),27,138.0
153,Davanagere(DEPUTY COMMISSIONER DAUANAGERE_IDA),69,137.0
154,Nayagada(DISTRICT COLLECTOR  NAYAGARH_IDA),435,136.0
155,DEWAS(DISTRICT COLLECTOR DEWAS_IDA),79,136.0
156,EAST SIANG(Deputy Commisioner East Siang_IDA),45,136.0
157,RAICHUR(DEPUTY COMMISSIONER RAICHUR_IDA),45,136.0
158,KALABURAGI(DEPUTY COMMISSIONER GULBARGA_IDA),21,134.0
159,SUKMA(Collector Sukma_IDA),21,134.0
160,MARIGAON(District Development Commissioner Morigaon),92,133.5
161,Paschim Medinipur(DISTRICT MAGISTRATE PASCHIM MEDINIPUR_IDA),240,133.0
162,BHADRAK(DISTRICT COLLECTOR BHADRAK_IDA),92,133.0
163,GOALPARA(Deputy Commissioner Goalpara_IDA),71,133.0
164,GONDIA(DISTRICT COLLECTOR GONDIA_IDA),60,132.0
165,BANKA(DISTRICT PLANNING OFFICER BANKA_IDA),49,131.0
166,PERAMBALUR(DISTRICT COLLECTOR PERAMBALUR_IDA),45,131.0
167,PASHCHIM CHAMPARAN(DISTRICT PLANNING OFFICER WEST CHAMPARANBETTIAH_IDA),100,130.5
168,RAIGARH(DISTRICT COLLECTOR RAIGARH_IDA),62,130.5
169,MAINPURI(DISTRICT MAGISTRATE MAINPURI_IDA),142,130.0
170,BENGALURU RURAL(DEPUTY COMMISSIONER BANGALORE RURAL SBM URBAN),65,130.0
171,GHAZIPUR(DISTRICT MAGISTRAE GHAZIPUR_IDA),320,128.0
172,MEERUT(DISTRICT MAGISTRATE MEERUT_IDA),165,128.0
173,GAUTAM BUDDHA NAGAR(DISTRICT MAGISTRATE GAUTAMBUDHNAGAR),62,128.0
174,Uttar Dinajpur(DISTRICT MAGISTRATE UTTAR DINAJPUR_IDA),400,127.0
175,AMRAVATI(DISTRICT COLLECTOR AMRAVATI_IDA),141,127.0
176,EAST JAINTIA HILLS(DEPUTY COMMISSIONER EAST JAINTIA HILLS KHLIEHRIAT_IDA),20,126.5
177,MALKANGIRI(District Collector Malkangiri_IDA),77,125.0
178,AURAIYA(DISTRICT MAGISTRATE AURAIYA_IDA),214,124.5
179,SALEM(DISTRICT COLLECTOR SALEM_IDA),128,124.0
180,KOTTAYAM(DISTRICT COLLECTOR KOTTAYAM_IDA),222,122.0
181,Alipurduar(DISTRICT MAGISTRATE ALIPURDUARS_IDA),49,122.0
182,NAINITAL(DISTRICT MAGISTRATE NAINITAL_IDA),257,121.0
183,PORBANDAR(DISTRICT COLLECTOR PORBANDAR_IDA),52,120.5
184,MEDCHAL MALKAJGIRI(DISTRICT COLLECTOR MEDCHAL MALKAJGIRI_IDA),138,120.0
185,KAUSHAMBI(DISTRICT MAGISTRAE KAUSHAMBI_IDA),530,119.0
186,Ahmedabad(DISTRICT COLLECTOR AHMADABAD_IDA),264,119.0
187,ERODE(DISTRICT_COLLECTORE_ERODE_IDA),180,119.0
188,BUNDI(DISTRICT COLLECTOR BUNDI_IDA),30,119.0
189,NARMADAPURAM(DISTRICT COLLECTOR NARMADAPURAM_IDA),204,117.0
190,PRATAPGARH(DISTRICT COLLECTOR PRATAPGARH_IDA),43,117.0
191,SIDDIPET(District Collector Siddipet_IDA),135,116.0
192,DHEMAJI(DEPUTY COMMISSIONER DHEMAJI_IDA),77,116.0
193,PURNIA(DISTRICT PLANNING OFFICER PURNIA_IDA),138,115.5
194,Khandwa (East Nimar)(DISTRICT COLLECTOR EAST NIMAR_IDA),141,115.0
195,TAPI(District collector Tapi_IDA),80,115.0
196,NAGPUR(DISTRICT COLLECTOR NAGPUR_IDA),42,115.0
197,"Siaha(Deputy Commissioner, Siaha)",20,115.0
198,BANAS KANTHA(DISTRICT COLLECTOR BANAS KANTHA_IDA),186,114.5
199,DHARMAPURI(DISTRICT COLLECTOR DHARMAPURI_IDA),170,114.0
200,SAMASTIPUR(DISTRICT PLANNING OFFICER SAMASTIPUR_IDA),158,114.0
201,CHITRAKOOT(DISTRICT MAGISTRATE CHITRAKOOT_IDA),149,114.0
202,KOPPAL(DEPUTY COMMISSIONER KOPPAL_IDA),124,113.5
203,MAYURBHANJ(DISTRICT COLLECTOR MAYURBHANJ_IDA),145,113.0
204,Y.S.R. Kadapa(DISTRICT COLLECTOR CUDDAPAH_IDA),244,112.5
205,GAYA(DISTRICT PLANNING OFFICER GAYA_IDA),402,112.0
206,DURG(DISTRICT COLLECTOR DURG_IDA),139,112.0
207,AIZAWL(DEPUTY COMMISSIONER AIZAWL_IDA),52,112.0
208,DEVBHUMI DWARKA(DISTRICT COLLECTOR DEVBHUMI DWARKA_IDA),44,112.0
209,PANCH MAHALS(DISTRICT COLLECTOR PANCHMAHALS_IDA),393,111.0
210,JAMTARA(Deputy Commissioner Jamtara_IDA),128,111.0
211,VIRUDHUNAGAR(DISTRICT COLLECTOR VIRUDHUNAGAR_IDA),106,111.0
212,Mahisagar(COLLECTOR MAHISAGAR_IDA),71,111.0
213,Salumbar(DISTRICT COLLECTOR Salumbar_IDA),22,111.0
214,SINDHUDURG(DISTRICT COLLECTOR SINDHUDURG_IDA),49,110.0
215,Deeg(DISTRICT COLLECTOR Deeg_IDA),48,110.0
216,NADIA(DISTRICT MAGISTRATE NADIA_IDA),237,109.0
217,Anugola(DISTRICT COLLECTORANGUL_IDA),41,109.0
218,MANDSAUR(DISTRICT COLLECTOR MANDSAUR_IDA),96,108.0
219,SONIPAT(DEPUTY COMMISSIONER SONEPAT_IDA),66,108.0
220,GANDHINAGAR(DISTRICT COLLECTOR GANDHINAGAR_IDA),217,107.0
221,ARWAL(District Planning Officer Arwal_IDA),145,107.0
222,Subarnapur(District Collector Subarnapur_IDA),32,107.0
223,PRAYAGRAJ(DISTRICT MAGISTRAE ALLAHABAD_IDA),200,105.0
224,DEORIA(DISTRICT MAGISTRATE DEORIA),184,105.0
225,RAMBAN(Deputy Commissioner Ramban_IDA),49,105.0
226,Bara Banki(DISTRICT MAGISTRATE BARABANKI_IDA),30,104.5
227,AMBEDKAR NAGAR(DISTRICT MAGISTRATE AMBEDKAR NAGAR_IDA),196,104.0
228,MAHESANA(DISTRICT COLLECTOR MAHESANA_IDA),477,103.0
229,THIRUVALLUR(DISTRICT COLLECTOR TIRUVALLUR_IDA),181,103.0
230,BHARATPUR(DISTRICT COLLECTOR BHARATPUR_IDA),59,102.0
231,KONDAGAON(DISTRICT COLLECTOR KONDAGAON_IDA),24,102.0
232,KHAMMAM(DISTRICT COLLECTOR KHAMMAM_IDA),162,101.0
233,PURBA BARDHAMAN(DISTRICT MAGISTRATE PURBA BARDHAMAN_IDA),159,101.0
234,ALAPPUZHA(DISTRICT COLLECTOR ALAPPUZHA_IDA),95,101.0
235,BAGALKOTE(DEPUTY COMMISSIONER BAGALKOT_IDA),160,100.0
236,GODDA(Deputy Commissioner Godda_IDA),30,100.0
237,NALBARI(DEPUTY COMMISSIONER NALBARI_IDA),20,99.5
238,Sant Kabir Nagar(DISTRICT MAGISTRATE SANT KABIR NAGAR_2),350,99.0
239,BUDAUN(DISTRICT MAGISTRATE BUDAUN_IDA),116,99.0
240,HAVERI(DEPUTY COMMISSIONER HAVERI_IDA),113,99.0
241,DHARWAD(DEPUTY COMMISSIONER DHARWAR_IDA),110,99.0
242,JAIPUR(DISTRICT COLLECTOR JAIPUR_IDA),87,99.0
243,Purba Medinipur(DISTRICT MAGISTRATE PURBA MEDINIPUR_IDA),281,98.0
244,SATARA(DISTRICT COLLECTOR SATARA_IDA),151,98.0
245,Nirmal(DISTRICT COLLECTOR NIRMAL_3),82,98.0
246,Parvathipuram Manyam(District Collector Parvathipuram Manyam_IDA),50,98.0
247,VELLORE(DISTRICT COLLECTOR VELLORE_IDA),46,98.0
248,SHAMLI(DISTRICT MAGISTRATE SHAMLI_IDA),31,98.0
249,BANDA(DISTRICT MAGISTRATE BANDA_IDA),177,97.0
250,SIDHI(DISTRICT COLLECTOR SIDHI_IDA),175,97.0
251,Baleshwar(DISTRICT COLLECTOR BALESHWAR_IDA),151,97.0
252,LAKHIMPUR(DEPUTY COMMISSIONER LAKHIMPUR_IDA),38,97.0
253,CHHOTAUDEPUR(DISTRICT COLLECTOR CHHOTA UDEPUR_IDA),144,96.0
254,PASCHIM BARDHAMAN(DISTRICT MAGISTRATE PASCHIM BARDHAMAN_IDA),62,96.0
255,BIKANER(DISTRICT COLLECTOR BIKANER_IDA),51,96.0
256,KULLU(DEPUTY COMMISSIONER KULLU_IDA),24,96.0
257,"SONITPUR(Deputy Commissioner Sonitpur, Tezpur)",54,94.5
258,BANKURA(DISTRICT MAGISTRATE BANKURA_IDA),133,94.0
259,SEONI(District Collector Seoni_IDA),79,94.0
260,BHIND(DISTRICT COLLECTOR BHIND_IDA),69,93.0
261,GHAZIABAD(DISTRICT MAGISTRAE GHAZIABAD_IDA),57,93.0
262,KHORDHA(DISTRICT COLLECTOR KHORDHA_IDA),228,92.0
263,ROHTAS(District Planning Officer Rohtas_IDA),134,92.0
264,NAGAON(DEPUTY COMMISSIONER NOWGONG_IDA),89,92.0
265,DHUBRI(DEPUTY COMMISSIONER DHUBRI_IDA),78,92.0
266,NARMADA(DISTRICT COLLECTOR NARMADA_IDA),69,92.0
267,ALWAR(DISTRICT COLLECTOR ALWAR_IDA),106,91.0
268,JHAJJAR(DEPUTY COMMISSIONER cum NODAL OFFICER MPLADS JHAJJAR),67,91.0
269,PALWAL(CEO DRDA MPLADS PALWAL),38,91.0
270,MORADABAD(DISTRICT MAGISTRATE MORADABAD_IDA),313,90.0
271,KALAHANDI(DISTRICT COLLECTOR KALAHANDI_IDA),249,90.0
272,FARRUKHABAD(DISTRICT MAGISTRAE FARRUKHABAD_IDA),221,90.0
273,KARIMNAGAR(DISTRICT COLLECTOR KARIMNAGAR_IDA),163,90.0
274,BURHANPUR(District Collector Burhanpur_IDA),58,90.0
275,MAMIT(DEPUTY COMMISSIONER MAMIT),35,90.0
276,KHEDA(DISTRICT COLLECTOR KHEDA_IDA),393,89.0
277,AJMER(DISTRICT COLLECTOR AJMER_IDA),84,89.0
278,Budgam(Deputy Commissioner  Budgam_IDA),50,89.0
279,Jajpur(DISTRICT COLLECTOR JAJPUR_IDA),70,88.5
280,DHANBAD(DEPUTY COMMISSIONER DHANBAD_IDA),300,88.0
281,ETAWAH(DISTRICT MAGISTRATE ETAWAH_IDA),270,88.0
282,CHANDAULI(DISTRICT MAGISTRATE CHANDAULI_IDA),194,88.0
283,Kasganj(DISTRICT MAGISTRATE KASGANJ KANSHIRAMNAGAR_IDA),192,88.0
284,JUNAGADH(DISTRICT COLLECTOR JUNAGADH_IDA),135,88.0
285,BAHRAICH(DISTRICT MAGISTRAE BAHRAICH_IDA),89,88.0
286,DARBHANGA(DISTRICT PLANNING OFFICER DARBANGA_IDA),268,87.0
287,Narsimhapur(DISTRICT COLLECTOR NARSINGHPUR_IDA),165,87.0
288,GANJAM(DISTRICT COLLECTOR GANJAM_IDA),155,87.0
289,CHHATARPUR(District Collector Chhatarpur_IDA),122,87.0
290,PATHANKOT(DEPUTY COMMISSIONER PATHANKOT_IDA),113,87.0
291,SURAJPUR(DISTRICT COLLECTOR Surajpur_IDA),111,87.0
292,EAST(COMMISSIONER EAST),101,87.0
293,RAMGARH(Deputy Commissioner ramgarh_IDA),43,87.0
294,Uttar Bastar Kanker(DISTRICT COLLECTOR KANKER_IDA),43,87.0
295,"PITHORAGARH(NRLM , pithoragarh)",26,87.0
296,SARAIKELA KHARSAWAN(Deputy Commissioner saraikela_IDA),69,86.0
297,NUAPADA(DISTRICT COLLECTOR  NUAPADA_IDA),57,85.0
298,SOLAN(DEPUTY COMMISSIONER SOLAN_IDA),86,84.5
299,RANCHI(DEPUTY COMMISSIONER RANCHI_IDA),299,84.0
300,SAHEBGANJ(DEPUTY COMMISSIONER SAHEBGANJ_IDA),130,84.0
301,CHAMBA(DEPUTY COMMISSIONER CHAMBA_IDA),103,84.0
302,MANDLA(DISTRICT COLLECTOR MANDLA_IDA),65,83.0
303,UDAIPUR(DISTRICT COLLECTOR UDAIPUR_IDA),48,83.0
304,KAITHAL(DC CUM NODAL OFFICERS MPLADS),70,82.5
305,PRAKASAM(DISTRICT COLLECTOR PRAKASAM_IDA),24,82.5
306,JAUNPUR(DISTRICT MAGISTRATE JAUNPUR_IDA),1833,82.0
307,Narayanpet(DISTRICT COLLECTOR NARAYANPET_IDA),112,82.0
308,Uttarkashi(DISTRICT COLLECTOR UTTARKASHI_IDA),26,82.0
309,VIKARABAD(DISTRICT COLLECTOR VIKARABAD_2),318,81.0
310,NASHIK(DISTRICT COLLECTOR NASHIK_IDA),177,81.0
311,SURENDRANAGAR(DISTRICT COLLECTOR SURENDRANAGAR_IDA),110,81.0
312,AZAMGARH(DISTRICT MAGISTRATE AZAMGARH_IDA),362,80.0
313,NIZAMABAD(DISTRICT COLLECTOR NIZAMABAD_IDA),361,80.0
314,DAKSHINA KANNADA(DEPUTY COMMISSIONER DAKSHIN KANNAD MANGALORE_IDA),170,80.0
315,KHAGARIA(DISTRICT PLANNING OFFICER KHAGARIA_IDA),55,80.0
316,SEHORE(DISTRICT COLLECTOR SEHORE_IDA),39,80.0
317,KUPWARA(Deputy Commissioner Kupwara_IDA),37,80.0
318,SHAJAPUR(District Collector Shajapur_IDA),20,80.0
319,PRATAPGARH(DISTRICT MAGISTRAE PRATAPGARH_IDA),548,79.0
320,BASTAR(DISTRICT COLLECTOR BASTAR_IDA),109,79.0
321,KOREA(Collector Korea_IDA),25,79.0
322,FARIDABAD(DEPUTY COMMISSIONER FARIDABAD_IDA),22,79.0
323,BETUL(DISTRICT COLLECTOR BETUL_IDA),295,78.0
324,AURANGABAD(DISTRICT PLANNING OFFICER AURANGABAD_IDA),283,78.0
325,SIRMAUR(DEPUTY COMMISSIONER SIRMOUR_IDA),203,78.0
326,MOGA(Deputy Commissioner Moga),139,78.0
327,SANGLI(DISTRICT COLLECTOR SANGLI_IDA),86,78.0
328,MAUGANJ(District Collector Mauganj_IDA),20,78.0
329,JIND(DEPUTY COMMISSIONER JIND),112,77.5
330,KORAPUT(District Collector Koraput_IDA),261,77.0
331,BHARUCH(DISTRICT COLLECTOR BROACH_IDA),233,77.0
332,JOGULAMBA GADWAL(DISTRICT COLLECTOR JOGULAMBA GADWAL_IDA),35,77.0
333,PUDUKKOTTAI(DISTRICT COLLECTOR PUDUKKOTTAI_IDA),120,76.5
334,South 24 Parganas(DISTRICT MAGISTRATE SOUTH TWENTY FOUR PARGANAS_IDA),844,76.0
335,TIRUVANNAMALAI(DISTRICT COLLECTOR TIRUVANNAMALAI_IDA),303,76.0
336,YADADRI BHUVANAGIRI(DISTRICT COLLECTOR YADADRI BHUVANAGIRI_IDA),166,76.0
337,KRISHNAGIRI(DISTRICT COLLECTOR KRISHNAGIRI_IDA),84,76.0
338,KOTA(DISTRICT COLLECTOR KOTA_IDA),31,76.0
339,CHATRA(DEPUTY COMMISSIONER CHATRA_IDA),308,75.0
340,NAGAUR(DISTRICT COLLECTOR NAGAUR_IDA),203,75.0
341,SIROHI(DISTRICT COLLECTOR SIROHI_IDA),69,75.0
342,RAISEN(DISTRICT COLLECTOR RAISEN_IDA),68,75.0
343,Ariyalur(District Collector Ariyalur_IDA),31,75.0
344,BIJAPUR(Collector Bijapur_IDA),21,75.0
345,JAMMU(DEPUTY COMMISSIONER JAMMU_IDA),141,74.0
346,BHADRADRI KOTHAGUDEM(District Collector Bhadradri Ktdm_IDA),70,74.0
347,Balotra(DISTRICT COLLECTOR Balotra_IDA),61,74.0
348,TEHRI GARHWAL(DISTRICT MAGISTRATE TEHRI GARHWAL_IDA),60,74.0
349,POONCH(Deputy Commissioner Poonch_IDA),20,73.5
350,NALANDA(DISTRICT PLANNING OFFICER NALANDA_IDA),143,73.0
351,BEGUSARAI(DISTRICT PLANNING OFFICER BEGUSARAI_IDA),49,73.0
352,BUXAR(DISTRICT PLANNING OFFICER BUXAR_IDA),43,73.0
353,BILASPUR(DISTRICT COLLECTOR BILASPUR_IDA),73,72.0
354,REWA(DISTRICT COLLECTOR REWA_IDA),63,72.0
355,UNNAO(DISTRICT MAGIISTRATE UNNAO_IDA),76,71.0
356,KARBI ANGLONG(DEPUTY COMMISSIONER KARBI ANGLONG_IDA),69,71.0
357,AMBALA(DEPUTY COMMISSIONER AMBALA_IDA),59,71.0
358,DAUSA(DISTRICT COLLECTOR DAUSA_IDA),54,71.0
359,"EAST GODAVARI(DISTRICT COLLECTOR, EAST GODAVARI)",35,71.0
360,BARWANI(DISTRICT COLLECTOR BADWANI_IDA),169,70.0
361,RAIPUR(DISTRICT COLLECTOR RAIPUR_IDA),96,70.0
362,HANUMAKONDA(DISTRICT COLLECTOR HANUMAKONDA_IDA),93,70.0
363,GORAKHPUR(DISTRICT MAGISTRATE GORAKHPUR_IDA),88,70.0
364,RAMANATHAPURAM(DISTRICT COLLECTOR RAMANATHAPURAM_IDA),51,70.0
365,PULWAMA(Deputy Commissioner  Pulwama_IDA),36,70.0
366,South East(COMMISSIONER MCD SOUTH EAST_IDA),23,70.0
367,HISAR(DEPUTY COMMISSIONER HISSAR_IDA),323,69.0
368,SITAMARHI(DISTRICT PLANNING OFFICER SITAMARHI_IDA),145,69.0
369,MORBI(District collector Morbi_IDA),114,69.0
370,VAISHALI(DISTRICT PLANNING OFFICER VAISHALI_IDA),91,69.0
371,SOUTH WEST(COMMISSIONER MCD SOUTH WEST),37,69.0
372,SIKAR(DISTRICT COLLECTOR SIKAR_IDA),136,68.5
373,KACHCHH(DISTRICT COLLECTOR KUTCH_IDA),207,68.0
374,KATHUA(DISTRICT DEVELOPMENT COMMISSIONER KATHUA_IDA),161,68.0
375,DEHRADUN(DISTRICT MAGISTRATE DEHRADUN_IDA),113,68.0
376,GANGANAGAR(Zilla GANGANAGAR),36,67.5
377,LOHARDAGA(DEPUTY COMMISSIONER LOHARDAGA_IDA),105,67.0
378,CHANDIGARH(DEPUTY COMMISSIONER ZILLA PARISHAD CHANDIGARH_IDA),93,67.0
379,Siddharthnagar(DISTRICT MAGISTRATE SIDDHARTH NAGAR_IDA),68,67.0
380,ROHTAK(DEPUTY COMMISSIONER ROHTAK_IDA),60,67.0
381,SIMDEGA(Deputy Commissioner simdega_IDA),51,67.0
382,DODA(Deputy Commissioner Doda_IDA),36,67.0
383,WEST SINGHBHUM(DEPUTY COMMISSIONER WEST SINGHBHUM_IDA),93,66.0
384,UDHAMPUR(Deputy Commissioner Udhampur_IDA),52,66.0
385,SURAT(DISTRICT COLLECTOR SURAT_IDA),342,65.5
386,KANGRA(DEPUTY COMMISSIONER KANGRA_IDA),434,65.0
387,CHHINDWARA(DISTRICT COLLECTOR CHHINDWARA_IDA),329,65.0
388,LATEHAR(Deputy Commissioner latehar_IDA),84,65.0
389,CENTRAL(COMMISSIONER MCD (CENTRAL DISTRICT)),40,65.0
390,GWALIOR(DISTRICT COLLECTOR GWALIOR_IDA),25,65.0
391,KANNIYAKUMARI(DISTRICT COLLECTOR KANNIYAKUMARI_IDA),64,64.0
392,MATHURA(DISTRICT MAGISTRAE MATHURA_IDA),61,64.0
393,KOKRAJHAR(DEPUTY COMMISSIONER KOKRAJHAR_IDA),35,64.0
394,HOOGHLY(DISTRICT MAGISTRATE HOOGHLY_IDA),313,63.0
395,BARNALA(DEPUTY COMMISSIONER BARNALA_IDA),243,63.0
396,KALLAKURICHI(District Collector Kallakurichi_IDA),151,63.0
397,CHURU(DISTRICT COLLECTOR CHURU_IDA),86,63.0
398,AMRELI(DISTRICT COLLECTOR AMRELI_IDA),255,62.0
399,BIRBHUM(DISTRICT MAGISTRATE BIRBHUM_IDA),232,62.0
400,PURBI CHAMPARAN(DISTRICT PLANNING OFFICER MOTHIHARI EAST CHAMPARAN_IDA),125,62.0
401,BARMER(DISTRICT COLLECTOR BARMER_IDA),88,62.0
402,MANDYA(DEPUTY COMMISSIONER MANDYA_IDA),71,62.0
403,NORTH(COMMISSIONER MCD NORTH_IDA),42,62.0
404,SINGRAULI(District Collector Singrauli_IDA),25,62.0
405,ARVALLI(DISTRICT COLLECTOR ARVALLI_IDA),116,61.5
406,Sundaragada(DISTRICT COLLECTOR SUNDARGARH_IDA),176,61.0
407,MAHASAMUND(DISTRICT COLLECTOR MAHASAMUND_IDA),107,61.0
408,Bapatla(DISTRICT COLLECTOR BAPATLA_IDA),103,61.0
409,GOPALGANJ(DISTRICT PLANNING OFFICER GOPALGANJ_IDA),93,61.0
410,PURI(DISTRICT COLLECTOR PURI_IDA),542,59.0
411,MANDI(DEPUTY COMMISSIONER MANDI_IDA),257,59.0
412,LUCKNOW(DISTRICT MAGISTRAE LUCKNOW_IDA),172,59.0
413,JALANDHAR(DEPUTY COMMISSIONER JALANDHAR_IDA),151,59.0
414,SABAR KANTHA(DISTRICT COLLECTOR SABARKANTHA_IDA),143,59.0
415,ANANTNAG(DEPUTY COMMISSIONER ANANTNAG_IDA),32,58.5
416,SAGAR(DISTRICT COLLECTOR SAGAR_IDA),207,58.0
417,PATAN(DISTRICT COLLECTOR PATAN_IDA),151,58.0
418,KISHANGANJ(DISTRICT PLANNING OFFICER KISHANGANJ_IDA),127,58.0
419,Charkhi Dadri(Deputy Commissioner Charkhi Dadri_IDA),41,58.0
420,ANAND(District Collector ANAND_IDA),488,57.5
421,Manendragarh-Chirmiri-Bharatpur(M C B)(Collector MCB_IDA),22,57.5
422,MAHABUBNAGAR(DISTRICT COLLECTOR MAHABUBNAGAR_3),142,57.0
423,ARARIA(DISTRICT PLANNING OFFICER ARARIA_IDA),86,57.0
424,RATLAM(District Collector Ratlam_IDA),78,57.0
425,AMROHA(DISTRICT MAGISTRATE JYOTIBAPHULE NAGAR_IDA),68,57.0
426,ALMORA(DISTRICT MAGISTRATE ALMORA_IDA),49,57.0
427,BANSWARA(DISTRICT COLLECTOR BANSWARA_IDA),24,57.0
428,VADODARA(DISTRICT COLLECTOR VADODARA_IDA),299,56.0
429,WEST GARO HILLS(DEPUTY COMMISSIONER WEST GARO HILLS_IDA),121,56.0
430,DUNGARPUR(DISTRICT COLLECTOR DUNGARPUR_IDA),95,56.0
431,FATEHABAD(Deputy Commissioner Fatehabad),80,56.0
432,DHAMTARI(DISTRICT COLLECTOR DHAMTARI_IDA),26,55.5
433,PATIALA(DEPUTY COMMISSIONER PATIALA_IDA),254,55.0
434,GURDASPUR(DEPUTY COMMISSIONER GURDASPUR_IDA),216,55.0
435,SIWAN(DISTRICT PLANNING OFFICER SIWAN_IDA),156,55.0
436,FIROZABAD(DISTRICT MAGISTRATE FIROZABAD_IDA),42,55.0
437,KOLLAM(DISTRICT COLLECTOR KOLLAM_IDA),292,54.0
438,BHAGALPUR(DISTRICT PLANNING OFFICER BHAGALPUR_IDA),122,54.0
439,KURUKSHETRA(DEPUTY COMMISSIONER KURUKSHETRA_IDA),105,54.0
440,SANGRUR(DEPUTY COMMISSIONER SANGRUR_IDA),73,54.0
441,VARANASI(DISTRICT MAGISTRAE VARANASI_IDA),457,53.0
442,KAIMUR (BHABUA)(DISTRICT PLANNING OFFICER KAIMUR BHABUA_IDA),199,53.0
443,GARHWA(Deputy Commissioner garhwa_IDA),95,52.0
444,Biswanath(Deputy Commissioner Biswanath_IDA),65,52.0
445,DEOGHAR(DEPUTY COMMISSIONER DEOGHAR_IDA),52,52.0
446,PARBHANI(DISTRICT COLLECTOR PARBHANI_IDA),47,52.0
447,THIRUVANANTHAPURAM(DISTRICT COLLECTOR THIRUVANANTHAPURAM_IDA),482,51.0
448,Baragada(DISTRICT COLLECTOR BARAGARH_IDA),240,51.0
449,RAE BARELI(DISTRICT MAGISTRATE RAE BARELI_IDA),182,51.0
450,Dakshin Dinajpur(DISTRICT MAGISTRATE DINAJPUR DAKSHIN_IDA),180,51.0
451,JHANSI(DISTRICT MAGISTRAE JHANSI_IDA),118,51.0
452,EAST GARO HILLS(DEPUTY COMMISSIONER EAST GARO HILLS WILLIAMNAGAR_IDA),36,51.0
453,HOWRAH(DISTRICT MAGISTRATE HOWRAH_IDA),369,50.0
454,SURGUJA(Collector Surguja_IDA),182,50.0
455,Kancheepuram(DISTRICT COLLECTOR KANCHEEPURAM_IDA),145,50.0
456,KHUNTI(DEPUTY COMMISSIONER KHUNTI_IDA),78,50.0
457,LALITPUR(DISTRICT MAGISTRATE LALITPUR_IDA),74,50.0
458,Neem Ka Thana(DISTRICT COLLECTOR Neem Ka Thana_IDA),22,50.0
459,SAKTI(COLLECTOR SAKTI_IDA),284,49.0
460,RAJKOT(DISTRICT COLLECTOR RAJKOT_IDA),257,49.0
461,THANJAVUR(DISTRICT COLLECTOR THANJAVUR_IDA),115,49.0
462,HAZARIBAGH(DEPUTY COMMISSIONER HAZARIBAGH_IDA),89,49.0
463,Shahpura(DISTRICT COLLECTOR Shahpura_IDA),74,49.0
464,MAHENDRAGARH(DEPUTY COMMISSIONER MAHENDRAGARH_IDA),65,49.0
465,PAPUM PARE(DEPUTY COMMISSIONER PAPUM PARE_IDA),31,49.0
466,Jhargram(DISTRICT MAGISTRATE JHARGRAM_IDA),30,49.0
467,HARDOI(DISTRICT MAGISTRATE HARDOI_IDA),23,49.0
468,LUDHIANA(DEPUTY COMMISSIONER LUDHIANA_IDA),364,48.5
469,MALERKOTLA(Deputy Commissioner Malerkotla_IDA),22,48.5
470,RANGA REDDY(DISTRICT COLLECTOR RANGAREDDY_IDA),285,48.0
471,BHILWARA(DISTRICT COLLECTOR BHILWARA_IDA),113,48.0
472,KOLKATA(COMMISSIONER KOLKATA MUNICIPAL CORPORATION_IDA),146,47.5
473,MUNGELI(Collector Mungeli_IDA),46,47.5
474,DUMKA(DEPUTY COMMISSIONER DUMKA_IDA),182,47.0
475,Dr. B.R. Ambedkar Konaseema(DISTRICT COLLECTOR Dr B R AMBEDKAR KONASEEMA_IDA),105,47.0
476,HANUMANGARH(DISTRICT COLLECTOR HANUMANGARH_IDA),54,47.0
477,UNA(DEPUTY COMMISSIOENR UNA_IDA),23,47.0
478,BAGESHWAR(DISTRICT MAGISTRATE BAGESHWAR_IDA),20,47.0
479,KHERI(DISTRICT MAGISTRAE KHERI_IDA),462,46.0
480,BHADOHI(DISTRICT MAGISTRATE BHADOHI_IDA),399,46.0
481,AYODHYA(DISTRICT MAGISTRAE FAIZABAD_IDA),189,46.0
482,Ananthapuramu(DISTRICT COLLECTOR ANANTAPUR_IDA),161,46.0
483,TIKAMGARH(DISTRICT COLLECTOR TIKAMGARH_IDA),115,46.0
484,BHIWANI(DC Cum Nodal Officer MPLADS Bhiwani),121,45.0
485,PURULIA(DISTRICT MAGISTRATE PURULIA_IDA),100,45.0
486,BHAVNAGAR(DISTRICT COLLECTOR BHAVNAGAR_IDA),90,45.0
487,"MAJULI(District Commissioner, Majuli)",46,45.0
488,Kandhamala(DISTRICT COLLECTOR KANDHAMAL_IDA),138,44.0
489,Mahrajganj(DISTRICT MAGISTRAE MAHARAJGANJ_IDA),49,44.0
490,SHIMLA(DEPUTY COMMISSIONER SHIMLA_IDA),253,43.0
491,BATHINDA(DEPUTY COMMISSIONER BHATINDA_IDA),128,43.0
492,Alluri Sitharama Raju(DISTRICT COLLECTOR ALLURI SITHARAMARAJU_IDA),71,43.0
493,NORTH GARO HILLS(DEPUTY COMMISSIONER NORTH GARO HILLS RESUBELPARA_IDA),51,43.0
494,Sarangarh-Bilaigarh(Collector SB_IDA),42,43.0
495,Shahid Bhagat Singh Nagar(Deputy Commissioner Shahid Bhagat Singh Nagar_ida),94,42.5
496,NORTH WEST(COMMISSIONER NORTH WEST),72,42.5
497,Tirupati(DISTRICT COLLECTOR TIRUPATI_IDA),233,42.0
498,PALAMU(DEPUTY COMMISSIONER PALAMAU_IDA),226,42.0
499,UJJAIN(DISTRICT COLLECTOR UJJAIN_IDA),211,42.0
500,ETAH(DISTRICT MAGISTRATE ETAH_IDA),203,42.0
501,Nandyal(DISTRICT COLLECTOR NANDYAL_IDA),186,42.0
502,S.A.S Nagar(DEPUTY COMMISSIONER SAHIBZADA AJIT SINGH NAGAR MOHALI_IDA),121,42.0
503,Gaurela-Pendra-Marwahi(Collector GPM_IDA),81,42.0
504,THIRUVARUR(DISTRICT COLLECTOR THIRUVARUR_IDA),64,42.0
505,RAMPUR(DISTRICT MAGISTRATE RAMPUR_IDA),335,41.0
506,DAMOH(DISTRICT COLLECTOR DAMOH_IDA),172,41.0
507,NALGONDA(DISTRICT COLLECTOR NALGONDA),170,41.0
508,BALAGHAT(DISTRICT COLLECTOR BALAGHAT_IDA),130,41.0
509,JALORE(DISTRICT COLLECTOR JALORE_IDA),72,41.0
510,KAMAREDDY(District Collector Kamareddy_IDA),63,41.0
511,VIDISHA(District Collector Vidisha_IDA),61,41.0
512,HAPUR(DISTRICT MAGISTRATE HAPUR_IDA),60,41.0
513,SAMBALPUR(DISTRICT COLLECTOR SAMBALPUR_IDA),53,41.0
514,Dangs(DISTRICT COLLECTOR DANG_IDA),41,41.0
515,MOKOKCHUNG(Deputy Commissioner Mokokchung_IDA),28,41.0
516,AGRA(DISTRICT MAGISTRAE AGRA_IDA),193,40.0
517,GIR SOMNATH(DISTRICT COLLECTOR GIR SOMNATH_IDA),148,40.0
518,RUPNAGAR(DEPUTY COMMISSIONER ROOPNAGAR_IDA),120,40.0
519,HARDA(District Collector Harda_IDA),105,40.0
520,ANUPPUR(DISTRICT COLLECTOR ANUPPUR_IDA),61,40.0
521,Sri Sathya Sai(DISTRICT COLLECTOR SRI SATHYA SAI_IDA),86,39.5
522,JAMUI(DISTRICT PLANNING OFFICER JAMUI_IDA),226,39.0
523,SAMBA(Deputy Commissioner Samba_IDA),33,39.0
524,PALI(DISTRICT COLLECTOR PALI_IDA),32,39.0
525,BIJNOR(DISTRICT MAGISTRATE BIJNOR_IDA),628,38.0
526,SRIKAKULAM(District Collector Srikakulam_IDA),236,38.0
527,SITAPUR(DISTRICT MAGISTRATE SITAPUR_IDA),125,38.0
528,VALSAD(DISTRICT COLLECTOR VALSAD_IDA),110,38.0
529,ALIRAJPUR(District Collector Alirajpur_IDA),91,38.0
530,GARIYABAND(Collectro Gariaband_IDA),42,37.5
531,JHUNJHUNU(DISTRICT COLLECTOR JHUNJHUNU_IDA),144,37.0
532,FATEHGARH SAHIB(DEPUTY COMMISSIONER FATEHGARH SAHIB_IDA),83,36.0
533,SRINAGAR(DEPUTY COMMISSIONER SRINAGAR_IDA),63,36.0
534,Gangtok(DISTRICT COLLECTOR EAST DISTRICT_IDA),23,36.0
535,Annamayya(DISTRICT COLLECTOR ANNAMAYYA_IDA),300,35.0
536,KRISHNA(DISTRICT COLLECTOR KRISHNA_IDA),45,35.0
537,Balodabazar-Bhatapara(Collector Baloda Bazar_IDA),40,35.0
538,REWARI(District Commissioner Rewari),34,34.5
539,BOKARO(DEPUTY COMMISSIONER BOKARO_IDA),485,34.0
540,DHAR(DISTRICT COLLECTOR DHAR_IDA),296,34.0
541,AMRITSAR(DEPUTY COMMISSIONER AMRITSAR_IDA),229,34.0
542,SIRSA(DEPUTY COMMISSIONER SIRSA_IDA),161,34.0
543,MADHEPURA(DISTRICT PLANNING OFFICER MADHEPURA_IDA),44,34.0
544,Debagada(District Collector Deogarh_IDA),33,34.0
545,KASARAGOD(DISTRICT COLLECTOR KASARAGOD_IDA),122,33.0
546,Kataka(DISTRICT COLLECTOR CUTTACK_IDA),266,32.5
547,BULANDSHAHR(DISTRICT MAGISTRATE BULANDSHAHR_IDA),339,32.0
548,Khargone (West Nimar)(DISTRICT COLLECTOR KHARGONE_IDA),160,32.0
549,MANSA(DEPUTY COMMISSIONER MANSA_IDA),143,32.0
550,Visakhapatnam(DISTRICT COLLECTOR VISAKHAPATNAM_IDA),31,32.0
551,RAJSAMAND(DISTRICT COLLECTOR RAJSAMAND_IDA),66,31.0
552,BHOPAL(DISTRICT COLLECTOR BHOPAL_IDA),64,31.0
553,KARAULI(DISTRICT COLLECTOR KARAULI_IDA),25,31.0
554,KORBA(Collector-Korba),179,30.0
555,GONDA(DISTRICT MAGISTRATE GONDA_IDA),215,29.0
556,Palnadu(District Collector Palnadu_IDA),41,29.0
557,Kakinada(DISTRICT COLLECTOR KAKINADA_IDA),26,28.5
558,BASTI(DISTRICT MAGISTRATE BASTI_IDA),156,28.0
559,SRI MUKTSAR SAHIB(DEPUTY COMMISSIONER SRI MUKTSAR SAHIB_IDA),120,28.0
560,Kabeerdham(DISTRICT COLLECTOR KABIRDHAM),73,28.0
561,PATNA(DISTRICT PLANNING OFFICER PATNA_IDA),73,28.0
562,SHIVPURI(District Collector Shivpuri_IDA),56,28.0
563,JASHPUR(DISTRICT COLLECTOR JASHPUR_IDA),40,28.0
564,DATIA(District Collector Datia_IDA),30,28.0
565,BEMETARA(Collector Bemetara_IDA),40,27.5
566,YAMUNANAGAR(Deputy Commissioner YamunaNagar_IDA),63,27.0
567,JANJGIR-CHAMPA(DISTRICT COLLECTOR JANJGIR CHAMPA_IDA),47,27.0
568,NAVSARI(DISTRICT COLLECTOR NAVSARI_IDA),407,26.0
569,FAZILKA(DEPUTY COMMISSIONER FAZILKA_IDA),154,26.0
570,JHABUA(DISTRICT COLLECTOR JHABUA_IDA),71,25.0
571,FARIDKOT(DEPUTY COMMISSIONER FARIDKOT_IDA),348,24.0
572,CHITTOOR(DISTRICT COLLECTOR CHITTOOR_IDA),343,24.0
573,HOSHIARPUR(DEPUTY COMMISSIONER HOSHIARPUR_IDA),251,24.0
574,ALIGARH(DISTRICT MAGISTRATE ALIGARH_IDA),121,24.0
575,JHARSUGUDA(DISTRICT COLLECTORJHARSUGUDA_IDA),29,24.0
576,"BILASPUR(DEPUTY COMMISSIONER, BILASPUR)",21,24.0
577,BALANGIR(DISTRICT COLLECTOR BOLANGIR_IDA),150,23.0
578,SOUTH(COMMISSIONER SOUTH),137,23.0
579,VIZIANAGARAM(DISTRICT COLLECTOR VIZIANAGARAM_IDA),78,23.0
580,Sri Potti Sriramulu Nellore(DISTRICT COLLECTOR NELLORE_IDA),173,22.0
581,SARAN(DISTRICT PLANNING OFFICE SARAN CHAPRA_IDA),62,22.0
582,INDORE(DISTRICT COLLECTOR INDORE_IDA),287,21.0
583,Viluppuram(DISTRICT COLLECTOR VILLUPURAM_IDA),274,21.0
584,KURNOOL(DISTRICT COLLECTOR KURNOOL_IDA),167,21.0
585,SHAHDOL(District Collector Shahdol_IDA),102,21.0
586,HAMIRPUR(DEPUTY COMMISSIONER HAMIRPUR_IDA),97,21.0
587,Anakapalli(DISTRICT COLLECTOR ANAKAPALLI_IDA),91,20.0
588,RAJOURI(Deputy Commissioner Rajouri_IDA),48,19.0
589,NAMAKKAL(DISTRICT COLLECTOR NAMAKKAL_IDA),191,18.0
590,PILIBHIT(DISTRICT MAGISTRAE PILIBHIT_IDA),29,18.0
591,SAHARANPUR(DISTRICT MAGISTRAE SAHARANPUR_IDA),135,17.0
592,SHEOPUR(District Collector Sheopur_IDA),52,17.0
593,LAKSHADWEEP DISTRICT(COLLECTOR CUM DEV COMMISSIONER LAKSHADWEEP_IDA),26,17.0
594,SAHARSA(DISTRICT PLANNING OFFICER SAHARSA_IDA),122,16.0
595,Mulugu(District Collector Mulugu_ida),29,16.0
596,BAREILLY(DISTRICT MAGISTRAE BAREILLY_IDA),190,15.0
597,RAJNANDGAON(DISTRICT COLLECTOR RAJNANDGAON_IDA),84,15.0
598,"Sribhumi(Deputy Commissioner , Karimganj)",43,15.0
599,IMPHAL WEST(Deputy Commissioner Imphal West MPLADS_IDA),26,14.5
600,NAGARKURNOOL(DISTRICT COLLECTOR NAGARKURNOOL_IDA),103,14.0
601,JALNA(DISTRICT COLLECTOR JALNA_IDA),39,13.0
602,HATHRAS(DISTRICT MAGISTRATE HATHRAS_IDA),61,12.0
603,MUZAFFARPUR(DISTRICT PLANNING OFFICER MUZAFFARPUR_IDA),154,11.0
604,WANAPARTHY(DISTRICT COLLECTOR WANAPARTHY_IDA),40,10.0
605,BANDIPORA(Deputy Commissioner Bandipora_IDA),37,10.0
606,FEROZEPUR(DEPUTY COMMISSIONER FIROZEPUR_IDA),206,9.0
607,KANPUR NAGAR(DISTRICT MAGISTRAE KANPUR NAGAR_IDA),286,5.0
608,EAST SINGHBUM(DEPUTY COMMISSIONER EAST SINGHBUM_IDA),174,5.0
609,GUMLA(DEPUTY COMMISSIONER GUMLA_IDA),106,1.0
