clean_work_id,idle_utilization_signal,days_sanction_to_first_payment,peer_upper_fence_days,num_payments,has_multiple_payments,utilization_status,trajectory_status,trajectory_note,combined_evidence,disclaimer
W_0,False,9.0,180.0,1,False,WITHIN_EXPECTED_TIMELINE,SINGLE_PAYMENT_LUMP_SUM,Single payment record. Intermediate trajectory milestones not computable.,[],Statistical/financial anomaly requiring human investigation. Not proof of fraud or wrongdoing.
W_1,False,10.0,180.0,1,False,WITHIN_EXPECTED_TIMELINE,SINGLE_PAYMENT_LUMP_SUM,Single payment record. Intermediate trajectory milestones not computable.,[],Statistical/financial anomaly requiring human investigation. Not proof of fraud or wrongdoing.
W_2,False,11.0,180.0,1,False,WITHIN_EXPECTED_TIMELINE,SINGLE_PAYMENT_LUMP_SUM,Single payment record. Intermediate trajectory milestones not computable.,[],Statistical/financial anomaly requiring human investigation. Not proof of fraud or wrongdoing.
W_3,False,12.0,180.0,1,False,WITHIN_EXPECTED_TIMELINE,SINGLE_PAYMENT_LUMP_SUM,Single payment record. Intermediate trajectory milestones not computable.,[],Statistical/financial anomaly requiring human investigation. Not proof of fraud or wrongdoing.
W_4,False,13.0,180.0,1,False,WITHIN_EXPECTED_TIMELINE,SINGLE_PAYMENT_LUMP_SUM,Single payment record. Intermediate trajectory milestones not computable.,[],Statistical/financial anomaly requiring human investigation. Not proof of fraud or wrongdoing.
W_5,False,14.0,180.0,1,False,WITHIN_EXPECTED_TIMELINE,SINGLE_PAYMENT_LUMP_SUM,Single payment record. Intermediate trajectory milestones not computable.,[],Statistical/financial anomaly requiring human investigation. Not proof of fraud or wrongdoing.
W_6,False,15.0,180.0,1,False,WITHIN_EXPECTED_TIMELINE,SINGLE_PAYMENT_LUMP_SUM,Single payment record. Intermediate trajectory milestones not computable.,[],Statistical/financial anomaly requiring human investigation. Not proof of fraud or wrongdoing.
W_7,False,16.0,180.0,1,False,WITHIN_EXPECTED_TIMELINE,SINGLE_PAYMENT_LUMP_SUM,Single payment record. Intermediate trajectory milestones not computable.,[],Statistical/financial anomaly requiring human investigation. Not proof of fraud or wrongdoing.
W_8,False,17.0,180.0,1,False,WITHIN_EXPECTED_TIMELINE,SINGLE_PAYMENT_LUMP_SUM,Single payment record. Intermediate trajectory milestones not computable.,[],Statistical/financial anomaly requiring human investigation. Not proof of fraud or wrongdoing.
W_9,False,18.0,180.0,1,False,WITHIN_EXPECTED_TIMELINE,SINGLE_PAYMENT_LUMP_SUM,Single payment record. Intermediate trajectory milestones not computable.,[],Statistical/financial anomaly requiring human investigation. Not proof of fraud or wrongdoing.
W_10,False,19.0,180.0,1,False,WITHIN_EXPECTED_TIMELINE,SINGLE_PAYMENT_LUMP_SUM,Single payment record. Intermediate trajectory milestones not computable.,[],Statistical/financial anomaly requiring human investigation. Not proof of fraud or wrongdoing.
W_11,False,20.0,180.0,1,False,WITHIN_EXPECTED_TIMELINE,SINGLE_PAYMENT_LUMP_SUM,Single payment record. Intermediate trajectory milestones not computable.,[],Statistical/financial anomaly requiring human investigation. Not proof of fraud or wrongdoing.
W_12,False,21.0,180.0,1,False,WITHIN_EXPECTED_TIMELINE,SINGLE_PAYMENT_LUMP_SUM,Single payment record. Intermediate trajectory milestones not computable.,[],Statistical/financial anomaly requiring human investigation. Not proof of fraud or wrongdoing.
W_13,False,22.0,180.0,1,False,WITHIN_EXPECTED_TIMELINE,SINGLE_PAYMENT_LUMP_SUM,Single payment record. Intermediate trajectory milestones not computable.,[],Statistical/financial anomaly requiring human investigation. Not proof of fraud or wrongdoing.
W_14,False,23.0,180.0,1,False,WITHIN_EXPECTED_TIMELINE,SINGLE_PAYMENT_LUMP_SUM,Single payment record. Intermediate trajectory milestones not computable.,[],Statistical/financial anomaly requiring human investigation. Not proof of fraud or wrongdoing.
W_EXTREME,True,517.0,180.0,1,False,PEER_RELATIVE_UTILIZATION_DELAY,SINGLE_PAYMENT_LUMP_SUM,Single payment record. Intermediate trajectory milestones not computable.,['IDLE UTILIZATION DELAY: 517 days from sanction to first payment disbursement (State Peer Upper Fence: 180 days). Requires audit review.'],Statistical/financial anomaly requiring human investigation. Not proof of fraud or wrongdoing.
