implementing_agency,state,total_expenditure,unique_vendors,top_vendor,top_vendor_share,hhi_index,top_vendor_entity_type,concentration_risk,payment_structuring_risk,network_risk_score
AMROHA(DISTRICT MAGISTRATE JYOTIBAPHULE NAGAR_IDA),Uttar Pradesh,58285938.0,1,SIDDHU ENTERPRISES,1.0,1.0,PRIVATE_ENTITY,False,True,1.0
GIRIDIH(Deputy Commissioner Giridh_IDA),Jharkhand,39032762.0,1,EXECUTIVE ENGINER NREP GIRIDIH,1.0,1.0,UNKNOWN,False,True,1.0
IMPHAL EAST(Deputy Commissioner Imphal East_IDA),Manipur,27117000.0,1,MURPHY THUMRAH,1.0,1.0,UNKNOWN,False,True,1.0
SIMDEGA(Deputy Commissioner simdega_IDA),Jharkhand,20600000.0,1,EE NREP SIMDEGA,1.0,1.0,UNKNOWN,False,True,1.0
BHIND(DISTRICT COLLECTOR BHIND_IDA),Madhya Pradesh,16644467.0,1,MP STATE AGRO INDUSTRIES DEV CORP LTD,1.0,1.0,PRIVATE_ENTITY,False,True,1.0
KAMJONG(Deputy Commissioner Kamjong MPLADS_ida),Manipur,16200000.0,1,RAMAN CHIHANSUNG,1.0,1.0,UNKNOWN,False,True,1.0
PAKUR(Deputy Commissioner Pakur_IDA),Jharkhand,6221697.0,1,SURAJ KUMAR,1.0,1.0,UNKNOWN,False,True,1.0
BAKSA(DEPUTY COMMISSIONER BAKSA_IDA),Assam,2700000.0,1,DHWRWMSING BARO,1.0,1.0,UNKNOWN,False,True,1.0
HAZARIBAGH(DEPUTY COMMISSIONER HAZARIBAGH_IDA),Jharkhand,1897545.0,1,RAJ KUMAR SAGAR,1.0,1.0,UNKNOWN,False,True,1.0
BULDHANA(DISTRICT COLLECTOR BULDHANA_IDA),Maharashtra,1208028.0,1,SHARMA CONSTRUCTION,1.0,1.0,PRIVATE_ENTITY,False,True,1.0
TAPI(District collector Tapi_IDA),Gujarat,439500.0,1,MAHESHBHAI RANCHHODBHAI PRAJAPATI,1.0,1.0,UNKNOWN,False,True,1.0
FARRUKHABAD(DISTRICT MAGISTRAE FARRUKHABAD_IDA),Uttar Pradesh,88945856.0,2,NIGHTINGALE NETWORKS LLP,0.9944,0.9889,UNKNOWN,True,True,0.9928
Debagada(District Collector Deogarh_IDA),Odisha,1000000.0,2,MANORANJAN BEHERA JE,0.9531,0.9107,UNKNOWN,False,True,0.9413
Mahrajganj(DISTRICT MAGISTRAE MAHARAJGANJ_IDA),Uttar Pradesh,95676373.0,8,MS RAMESH CHANDRA PATEL,0.9441,0.8918,UNKNOWN,True,True,0.9291
UMARIA(District Collector Umariya_IDA),Madhya Pradesh,7467344.0,2,MS SANJAY KUMAR TIWARI,0.933,0.8751,UNKNOWN,True,True,0.9174
Uttar Dinajpur(DISTRICT MAGISTRATE UTTAR DINAJPUR_IDA),West Bengal,28148611.0,2,B PAUL AND CO,0.9318,0.873,UNKNOWN,True,True,0.916
Mulugu(District Collector Mulugu_ida),Telangana,6282656.0,2,EMMADI SHARADA,0.9245,0.8605,UNKNOWN,True,True,0.9076
Bara Banki(DISTRICT MAGISTRATE BARABANKI_IDA),Uttar Pradesh,85112278.0,5,PRAHARSH INFRASTRUCTURE,0.902,0.8163,UNKNOWN,True,True,0.8787
UNNAO(DISTRICT MAGIISTRATE UNNAO_IDA),Uttar Pradesh,63423848.0,7,RAJESH KUMAR PAL,0.902,0.8157,UNKNOWN,True,True,0.8784
BISHNUPUR(Deputy Commissioner Bishnupur_ida),Manipur,9756343.0,2,MURPHY THUMRAH,0.8975,0.816,UNKNOWN,True,True,0.8773
DARBHANGA(DISTRICT PLANNING OFFICER DARBANGA_IDA),Bihar,115397043.0,9,BIOLUNAR ENERGY SOLUTION,0.8969,0.8068,UNKNOWN,True,True,0.8725
Shrawasti(DISTRICT MAGISTRATE SHRAVASTI_IDA),Uttar Pradesh,14754674.0,2,NAVEEN ENTERPRISES,0.8735,0.7791,PRIVATE_ENTITY,True,True,0.8516
LEPARADA(Deputy Commisioner Leparada_IDA),Arunachal Pradesh,3950000.0,2,MS MD ENTERPRISE,0.8734,0.7789,UNKNOWN,True,True,0.8515
CHURACHANDPUR(Deputy Commissioner Churachandpur MPLADS_ida),Manipur,25951963.0,3,MPLADS BENEFICIARY COMMITTEE CHURACHANDPUR,0.8767,0.7767,UNKNOWN,True,True,0.8513
KODERMA(DEPUTY COMMISSIONER KODARMA_IDA),Jharkhand,17368887.0,3,JE SATYENDRA KUMAR,0.8736,0.7712,UNKNOWN,True,True,0.8477
NANDURBAR(DISTRICT COLLECTOR NANDURBAR_IDA),Maharashtra,17631016.0,2,SWAMI POWERTECH,0.8558,0.7531,UNKNOWN,True,True,0.8333
BAGHPAT(DISTRICT MAGISTRATE BAGHPAT_IDA),Uttar Pradesh,24778399.0,4,TECHKRITI INFRATECH PVT LTD,0.8418,0.7191,PRIVATE_ENTITY,True,True,0.8121
HARDA(District Collector Harda_IDA),Madhya Pradesh,31063090.0,10,MP STATE AGRO IND CORP HARDA,0.8417,0.7122,UNKNOWN,True,True,0.8086
WOKHA(Deputy Commissioner Wokha_IDA),Nagaland,6000000.0,1,MHACHEN HUMTSOE,1.0,1.0,UNKNOWN,False,False,0.8
North Tripura(DISTRICT MAGISTRATE and COLLECTOR NORTH TRIPURA DISTRICT_IDA),Tripura,4316480.0,1,PRASENJIT DAS,1.0,1.0,UNKNOWN,False,False,0.8
KULGAM(Deputy Commissioner Kulgam_IDA),Jammu And Kashmir,1925000.0,1,FAROOQ AHMAD WANI,1.0,1.0,UNKNOWN,False,False,0.8
KANGPOKPI(Deputy Commissioner Kangpokpi MPLADS_ida),Manipur,1500000.0,1,RAMAN CHIHANSUNG,1.0,1.0,UNKNOWN,False,False,0.8
Dakshin Bastar Dantewada(Collector Dantewada_IDA),Chhattisgarh,1250000.0,1,KHAND SHROT SAMANVAYAK SAMAGRA SIKSHA VIKASKHAND GEEDAM,1.0,1.0,UNKNOWN,False,False,0.8
DIBANG VALLEY(Deputy Commisioner Dibang Valley_IDA),Arunachal Pradesh,1200000.0,1,EMPI MEYA,1.0,1.0,UNKNOWN,False,False,0.8
NORTH EAST(COMMISSIONER MCD NORTH EAST),Delhi,1082937.0,1,VIVEK ELECTRICALS,1.0,1.0,UNKNOWN,False,False,0.8
CHANGLANG(Deputy Commisioner Changlang_IDA),Arunachal Pradesh,998070.0,1,SAWIN ENTERPRISE,1.0,1.0,UNKNOWN,False,False,0.8
REASI(DC Reasi_2),Jammu And Kashmir,993825.0,1,OTTO BOCK HEALTHCARE INDIA PVT LTD,1.0,1.0,PRIVATE_ENTITY,False,False,0.8
TENGNOUPAL(Deputy Commissioner Tengnoupal MPLADS_ida),Manipur,900000.0,1,RAMAN CHIHANSUNG,1.0,1.0,UNKNOWN,False,False,0.8
SENAPATI(Deputy Commissioner Senapati_IDA),Manipur,749970.0,1,SAMADON ENTERPRISE,1.0,1.0,UNKNOWN,False,False,0.8
DARRANG(DEPUTY COMMISSIONER DARRANG_IDA),Assam,600000.0,1,H M ENTERPRISE,1.0,1.0,UNKNOWN,False,False,0.8
Vav-Tharad(DISTRICT COLLECTOR VAV-THARAD),Gujarat,499807.0,1,GANGUN GRAM PANCHAYAT,1.0,1.0,UNKNOWN,False,False,0.8
MORENA(DISTRICT COLLECTOR MORENA_IDA),Madhya Pradesh,250000.0,1,RUAR,1.0,1.0,UNKNOWN,False,False,0.8
NAWADA(District Planning Officer NAWADA_IDA),Bihar,214300.0,1,ASSISTANT ENGINEER LAEO VSK NAWADA,1.0,1.0,UNKNOWN,False,False,0.8
NUH(Deputy Commissioner Nuh),Haryana,191547.0,1,THE BESAR COOPRATIVE LABOUR AND CONSTRUCTION SOCIETY LTD,1.0,1.0,PRIVATE_ENTITY,False,False,0.8
KISHTWAR(Deputy Commissioner Kishtwar_IDA),Jammu And Kashmir,164000.0,1,MANZOOR IQBAL BATT,1.0,1.0,UNKNOWN,False,False,0.8
LAKSHADWEEP DISTRICT(COLLECTOR CUM DEV COMMISSIONER LAKSHADWEEP_IDA),Lakshadweep,39337535.0,18,THE MANANGING DIRECTOR KERALA MEDICAL SERVICE COPORATION LTD,0.8278,0.6895,PRIVATE_ENTITY,True,True,0.7931
PALAMU(DEPUTY COMMISSIONER PALAMAU_IDA),Jharkhand,75899532.0,2,SITA RAM PATEL,0.8047,0.6856,UNKNOWN,True,True,0.7842
DIMA HASAO(DEPUTY COMMISSIONER Dima Hasao_IDA),Assam,4998740.0,2,BIMAL HANSE,0.983,0.9666,UNKNOWN,False,False,0.7782
KHUNTI(DEPUTY COMMISSIONER KHUNTI_IDA),Jharkhand,38018520.0,2,ASSISTANT ENGINEER ZILA PARISHAD KHUNTI,0.7928,0.6714,UNKNOWN,True,True,0.7735
THOUBAL(Deputy Commissioner Thoubal MPLADS_ida),Manipur,14450000.0,2,MURPHY THUMRAH,0.7924,0.671,UNKNOWN,False,True,0.7732
Sant Kabir Nagar(DISTRICT MAGISTRATE SANT KABIR NAGAR_2),Uttar Pradesh,27045627.0,5,JAI MATA DI VP CONSTRUCTION,0.8043,0.659,PRIVATE_ENTITY,True,True,0.7708
Gyalshing(DISTRICT COLLECTOR GYALSHING_IDA),Sikkim,14927786.0,7,TREKOCITY,0.8039,0.6538,UNKNOWN,True,True,0.7681
DATIA(District Collector Datia_IDA),Madhya Pradesh,11045834.0,2,M P STATE AGRO INDUSTRIES DEV CORP LTD,0.7762,0.6526,PRIVATE_ENTITY,True,True,0.7591
BETUL(DISTRICT COLLECTOR BETUL_IDA),Madhya Pradesh,52477881.0,62,MP STATE AGRO INDUSTRIES DEVELOPMENT CORP LTD,0.7967,0.638,PRIVATE_ENTITY,True,True,0.758
SIWAN(DISTRICT PLANNING OFFICER SIWAN_IDA),Bihar,143231791.0,17,ALAM BROTHERS,0.7918,0.6314,UNKNOWN,True,True,0.7532
SHEOHAR(DISTRICT PLANNING OFFICER SEOHAR_IDA),Bihar,12377208.0,2,R K CONSTRUCTION,0.7675,0.6432,PRIVATE_ENTITY,True,True,0.7518
BASTI(DISTRICT MAGISTRATE BASTI_IDA),Uttar Pradesh,152481546.0,17,JAI CONSTRUCTION,0.7867,0.6233,PRIVATE_ENTITY,True,True,0.7477
IMPHAL WEST(Deputy Commissioner Imphal West MPLADS_IDA),Manipur,44986090.0,3,MURPHY THUMRAH,0.7614,0.6083,UNKNOWN,True,True,0.7326
GARHWA(Deputy Commissioner garhwa_IDA),Jharkhand,23108788.0,2,JE NREP MP GARHWA,0.7421,0.6172,UNKNOWN,True,True,0.7312
Kasganj(DISTRICT MAGISTRATE KASGANJ KANSHIRAMNAGAR_IDA),Uttar Pradesh,51700181.0,2,SOMYA CONSTRUCTION,0.7091,0.5874,PRIVATE_ENTITY,True,True,0.7064
Soreng(DISTRICT COLLECTOR SORENG_IDA),Sikkim,13301627.0,6,SHIV SHAKTI FURNITURE,0.7409,0.5676,UNKNOWN,True,True,0.7061
Amethi(DISTRICT MAGISTRAE AMETHI_IDA),Uttar Pradesh,63916845.0,10,AADI AND RUDRANSH CONSTRUCTION COMPANY,0.7426,0.5657,PRIVATE_ENTITY,True,True,0.7056
ARARIA(DISTRICT PLANNING OFFICER ARARIA_IDA),Bihar,132606146.0,4,SIGMA ENTERPRISES,0.7092,0.5794,PRIVATE_ENTITY,True,True,0.7025
SAHEBGANJ(DEPUTY COMMISSIONER SAHEBGANJ_IDA),Jharkhand,20340000.0,2,AJIT KUMAR,0.703,0.5825,UNKNOWN,True,True,0.7021
FIROZABAD(DISTRICT MAGISTRATE FIROZABAD_IDA),Uttar Pradesh,95931875.0,3,MS RAJ KAMAL CONSTRUCTIONS,0.7276,0.5674,PRIVATE_ENTITY,True,True,0.702
PURNIA(DISTRICT PLANNING OFFICER PURNIA_IDA),Bihar,88946418.0,6,R K CONSTRUCTION,0.7263,0.5567,PRIVATE_ENTITY,True,True,0.6963
ETAWAH(DISTRICT MAGISTRATE ETAWAH_IDA),Uttar Pradesh,73645998.0,15,BAKE BIHARI TRADERS,0.7342,0.5487,UNKNOWN,True,True,0.6946
UKHRUL(Deputy Commissioner Ukhrul_ida),Manipur,34400000.0,2,RAMAN CHIHANSUNG,0.6802,0.565,UNKNOWN,True,True,0.6866
MIRZAPUR(DISTRICT MAGISTRATE MIRZAPUR_IDA),Uttar Pradesh,51732584.0,3,ATHARV ENTERPRISES,0.6658,0.5507,PRIVATE_ENTITY,True,True,0.6751
Khandwa (East Nimar)(DISTRICT COLLECTOR EAST NIMAR_IDA),Madhya Pradesh,46276293.0,66,KPL EQUIPMENTS PRIVATE LIMITED,0.6992,0.4955,PRIVATE_ENTITY,True,True,0.6575
SINGRAULI(District Collector Singrauli_IDA),Madhya Pradesh,43017957.0,12,DISTT EDUCATION OFFICER,0.6962,0.4963,UNKNOWN,True,True,0.657
BANDA(DISTRICT MAGISTRATE BANDA_IDA),Uttar Pradesh,49065196.67,18,DHARMENDRA ENTERPRISES,0.6934,0.4924,PRIVATE_ENTITY,True,True,0.6542
BHADRADRI KOTHAGUDEM(District Collector Bhadradri Ktdm_IDA),Telangana,14724569.0,6,CARD BOX COMPANY,0.6791,0.4961,UNKNOWN,True,True,0.6518
HATHRAS(DISTRICT MAGISTRATE HATHRAS_IDA),Uttar Pradesh,48694415.0,5,RAKESH KUMAR SHARMA,0.6788,0.4908,UNKNOWN,True,True,0.6491
LOHARDAGA(DEPUTY COMMISSIONER LOHARDAGA_IDA),Jharkhand,37450298.0,4,SHYAM BIHARI PRASAD YADAV,0.6639,0.4943,UNKNOWN,True,True,0.6463
BHAGALPUR(DISTRICT PLANNING OFFICER BHAGALPUR_IDA),Bihar,143121780.0,8,SHIV DURGA INDUSTRIES,0.6678,0.4837,UNKNOWN,True,True,0.6422
WEST SINGHBHUM(DEPUTY COMMISSIONER WEST SINGHBHUM_IDA),Jharkhand,45870492.0,2,ARJUN KUMAR BAURI,0.6003,0.5201,UNKNOWN,True,True,0.6402
KAMLE(Deputy Commisioner Kamle_IDA),Arunachal Pradesh,5000000.0,2,MS RTS ENTERPRISES,0.6,0.52,PRIVATE_ENTITY,True,True,0.64
MON(Deputy Commissioner Mon_IDA),Nagaland,7887620.0,2,LHANGTI KONYAK,0.8621,0.7622,UNKNOWN,False,False,0.6398
JALAUN(DISTRICT MAGISTRATE JALAUN_IDA),Uttar Pradesh,42275806.0,4,SHYAM SWAROOP MANUFACTURERE,0.6494,0.4886,UNKNOWN,True,True,0.6391
MORADABAD(DISTRICT MAGISTRATE MORADABAD_IDA),Uttar Pradesh,54805339.0,6,NATIONAL INFRATECH,0.647,0.4753,PRIVATE_ENTITY,True,True,0.6317
CHIKKABALLAPURA(DEPUTY COMMISSIONER CHICKKABALLAPUR_IDA),Karnataka,26337696.0,22,PROJECT MANAGER,0.6701,0.457,UNKNOWN,True,True,0.6295
SHAHDOL(District Collector Shahdol_IDA),Madhya Pradesh,89817751.0,23,SADGURU SAI INFRA WORLD PVT LTD REWA,0.6702,0.4555,PRIVATE_ENTITY,True,True,0.6288
CENTRAL(COMMISSIONER MCD (CENTRAL DISTRICT)),Delhi,33850273.0,14,CENTRAL ELECTRONICS LIMITED,0.6646,0.4535,PRIVATE_ENTITY,True,True,0.6262
Khowai(DISTRICT MAGISTRATE and COLLECTOR  KHOWAI_IDA),Tripura,22995000.0,2,SENIOR DEPUTY MAGISTRATE KHOWAI,0.5653,0.5085,UNKNOWN,False,True,0.6239
ARWAL(District Planning Officer Arwal_IDA),Bihar,22042182.0,2,AE KURTHA,0.5559,0.5063,UNKNOWN,False,True,0.6199
CHITRAKOOT(DISTRICT MAGISTRATE CHITRAKOOT_IDA),Uttar Pradesh,35081573.0,3,J B ENTERPRISES,0.5684,0.4975,PRIVATE_ENTITY,False,True,0.6192
BANKA(DISTRICT PLANNING OFFICER BANKA_IDA),Bihar,46936729.0,6,CHANDAN ENTERPRISES,0.6253,0.4573,PRIVATE_ENTITY,True,True,0.6162
BHADOHI(DISTRICT MAGISTRATE BHADOHI_IDA),Uttar Pradesh,54272486.0,8,GANDHI CONSTRUCTION AND SUPPLIER,0.6422,0.4462,PRIVATE_ENTITY,True,True,0.6157
RAMBAN(Deputy Commissioner Ramban_IDA),Jammu And Kashmir,12059500.0,17,VIKRAM ENTERPRISES,0.6509,0.4363,PRIVATE_ENTITY,True,True,0.6134
Niwari(District Collector Niwari_IDA),Madhya Pradesh,5483405.0,11,DEEPAK KUMAR SHARMA,0.6435,0.4382,UNKNOWN,True,True,0.6122
Cooch Behar(DISTRICT MAGISTRATE COOCHBEHAR_IDA),West Bengal,31354345.0,4,PABAN AGARWALA,0.621,0.4446,UNKNOWN,True,True,0.6086
DHANBAD(DEPUTY COMMISSIONER DHANBAD_IDA),Jharkhand,73761145.0,5,BIRENDRA KUMAR MAHATO,0.5992,0.4494,UNKNOWN,False,True,0.6045
SHOPIAN(Deputy Commissioner Shopian_IDA),Jammu And Kashmir,2617600.0,3,SAJAD AHMAD WANI,0.523,0.4866,UNKNOWN,False,True,0.6002
KRA DAADI(DC KRADAADI_IDA),Arunachal Pradesh,3000000.0,2,T S ENTERPRISES,0.5,0.5,PRIVATE_ENTITY,False,True,0.6
GUMLA(DEPUTY COMMISSIONER GUMLA_IDA),Jharkhand,45274459.0,4,NAMASKAR BOOKS,0.5301,0.4758,UNKNOWN,False,True,0.5969
SAHARSA(DISTRICT PLANNING OFFICER SAHARSA_IDA),Bihar,97600884.0,6,GRAND TRADING COMPANY,0.5784,0.4356,UNKNOWN,False,True,0.5913
DEOGHAR(DEPUTY COMMISSIONER DEOGHAR_IDA),Jharkhand,13347186.0,3,J E N R E P DEOGHAR VENDER ACCOUNT,0.5787,0.4355,UNKNOWN,False,True,0.5913
Chamarajanagar(DEPUTY COMMISSIONER CHAMARAJNAGAR_IDA),Karnataka,33427615.0,5,KRIDL BHUSIRI ACCOUNT WORKS,0.5258,0.4497,UNKNOWN,False,True,0.5826
NORTH GOA(DISTRICT COLLECTOR NORTH GOA_IDA),Goa,15476370.0,5,A S ENTERPRISES,0.5896,0.4114,PRIVATE_ENTITY,False,True,0.5826
KOHIMA(DEPUTY COMMISIONER_7),Nagaland,19900000.0,5,AKUONUO,0.5528,0.4284,UNKNOWN,False,True,0.5801
Narayanpet(DISTRICT COLLECTOR NARAYANPET_IDA),Telangana,16864937.0,9,VIOLET ENTERPRISES,0.6036,0.3959,PRIVATE_ENTITY,True,True,0.579
Siddharthnagar(DISTRICT MAGISTRATE SIDDHARTH NAGAR_IDA),Uttar Pradesh,51765768.0,13,NISTHA ENTERPRISES,0.5933,0.4001,PRIVATE_ENTITY,False,True,0.5781
PAURI GARHWAL(DISTRICT MAGISTRATE PAURI GARHWAL_IDA),Uttarakhand,1265451.0,3,PRABHAV GUPTA,0.5654,0.4149,UNKNOWN,False,True,0.5771
MANCHERIAL(District Collector Mancherial_IDA),Telangana,11314659.0,3,SVR CONSTRUCTIONS,0.5023,0.45,PRIVATE_ENTITY,False,True,0.5757
KATIHAR(DISTRICT PLANNING OFFICER KATIHAR_IDA),Bihar,91461460.0,4,R K CONSTRUCTION,0.5803,0.4031,PRIVATE_ENTITY,False,True,0.5756
Palnadu(District Collector Palnadu_IDA),Andhra Pradesh,1985927.0,3,ASHOK CONSTRUCTIONS,0.8056,0.6679,PRIVATE_ENTITY,False,False,0.5756
BALAGHAT(DISTRICT COLLECTOR BALAGHAT_IDA),Madhya Pradesh,71162599.0,18,DEVESH KUMAR PATLE,0.5621,0.4085,UNKNOWN,False,True,0.5729
SOUTH SALMARA MANCACHAR(Deputy Commissioner South Salmara Mankachar_IDA),Assam,2343675.0,3,SHAZIBUL HASSAN MOLLAH,0.5136,0.4217,UNKNOWN,False,True,0.5649
ANANTNAG(DEPUTY COMMISSIONER ANANTNAG_IDA),Jammu And Kashmir,11743757.0,12,MASRAT SIDIQ GILKAR,0.587,0.3667,UNKNOWN,False,True,0.5594
RAJGARH(DISTRICT COLLECTOR RAJGARH_IDA),Madhya Pradesh,91407905.0,10,MP AGRO BIAORA,0.5159,0.4052,UNKNOWN,False,True,0.5574
SAMBALPUR(DISTRICT COLLECTOR SAMBALPUR_IDA),Odisha,9932775.0,13,RTO SAMBALPUR,0.5792,0.3672,UNKNOWN,False,True,0.5574
EAST SINGHBUM(DEPUTY COMMISSIONER EAST SINGHBUM_IDA),Jharkhand,75745972.0,4,KANHAIYA KUMAR SINGH,0.4851,0.4195,UNKNOWN,False,True,0.5553
NEEMUCH(District Collector Neemuch_IDA),Madhya Pradesh,4319846.0,10,DISTRICT EDUCATION OFFICER NEEMUCH,0.5775,0.361,UNKNOWN,False,True,0.5538
TAMULPUR(IDA Tamulpur),Assam,2315947.0,4,DURGA ENTERPRISE,0.5162,0.3959,UNKNOWN,False,True,0.5528
RANCHI(DEPUTY COMMISSIONER RANCHI_IDA),Jharkhand,143617550.0,5,AMIT KUMAR JUNIOR ENGINEER,0.4983,0.4042,UNKNOWN,False,True,0.5516
MUNGER(DISTRICT PLANNING OFFICER MUNGER_IDA),Bihar,20381732.0,4,R K CONSTRUCTION,0.4612,0.3968,PRIVATE_ENTITY,False,True,0.5368
Gangapurcity(DISTRICT COLLECTOR Gangapur City_IDA),Rajasthan,498875.0,24,AMAN ENTERPRISEZ,0.5613,0.3335,UNKNOWN,False,True,0.5351
GADCHIROLI(DISTRICT COLLECTOR GADCHIROLI_IDA),Maharashtra,10711818.0,6,SAMIR RAMKRUSHNA TAJNE,0.543,0.3409,UNKNOWN,False,True,0.5334
HYDERABAD(DISTRICT COLLECTOR HYDERABAD_IDA),Telangana,19841446.0,7,A F CONSTRUCTION OP BY ISMAIL,0.5173,0.3552,PRIVATE_ENTITY,False,True,0.5328
RAJANNA SIRCILLA(DISTRICT COLLECTOR RAJANNA SIRCILLA_IDA),Telangana,8049749.0,10,AHMED RAZA,0.5513,0.3345,UNKNOWN,False,True,0.5327
INDORE(DISTRICT COLLECTOR INDORE_IDA),Madhya Pradesh,80099229.0,37,SHRI GANESH ASSOCIATES PROPRIETOR NARAYAN SHARMA,0.5436,0.3318,PRIVATE_ENTITY,False,True,0.529
SAMBHAL(DISTRICT MAGISTRAE BHIMNAGAR SAMBHAL_IDA),Uttar Pradesh,52149809.0,5,MK INFRATECH,0.5237,0.3428,PRIVATE_ENTITY,False,True,0.5285
"UPPER SIANG(DISTRICT PLANNING OFFICER,YINGKIONG)",Arunachal Pradesh,3900000.0,6,B B ENTERPRISES,0.5051,0.3452,PRIVATE_ENTITY,False,True,0.5241
KALLAKURICHI(District Collector Kallakurichi_IDA),Tamil Nadu,99759642.0,14,DHANASEKARAN K,0.4995,0.3432,UNKNOWN,False,True,0.5215
Agar-Malwa(District Collector Agar Malwa_IDA),Madhya Pradesh,4850294.0,3,CEO JANPAD PANCHAYAT AGAR,0.433,0.3814,UNKNOWN,False,True,0.5206
LATEHAR(Deputy Commissioner latehar_IDA),Jharkhand,11210563.0,5,NARESH MANDAL JE ZILA PARISHAD LATEHAR,0.4925,0.3433,UNKNOWN,False,True,0.5194
BALLIA(DISTRICT MAGISTRAE BALLIA_IDA),Uttar Pradesh,90816993.0,14,ARVIND KUMAR PANDEY,0.5287,0.3132,UNKNOWN,False,True,0.5152
Alipurduar(DISTRICT MAGISTRATE ALIPURDUARS_IDA),West Bengal,6969593.0,4,GOKUL CHHETRI,0.4816,0.3408,UNKNOWN,False,True,0.5149
JAMTARA(Deputy Commissioner Jamtara_IDA),Jharkhand,27689800.0,3,SANTOSH KUMAR MONDAL,0.4406,0.3637,UNKNOWN,False,True,0.514
SITAMARHI(DISTRICT PLANNING OFFICER SITAMARHI_IDA),Bihar,46262417.0,14,AV ENTERTAINMENT,0.5188,0.3137,UNKNOWN,False,True,0.5125
KAKCHING(Deputy Commissioner Kakching_ida),Manipur,2800989.0,2,MS HEAVEN TRADERS,0.714,0.5916,UNKNOWN,False,False,0.51
Kushinagar(DISTRICT MAGISTRATE KUSHINAGAR PADRAUNA_IDA),Uttar Pradesh,104957509.0,27,MAHI ENTERPRISES,0.5193,0.3079,PRIVATE_ENTITY,False,True,0.5098
SURAJPUR(DISTRICT COLLECTOR Surajpur_IDA),Chhattisgarh,17624221.0,19,SANWARIYA BOREWELLS,0.5271,0.3018,UNKNOWN,False,True,0.5091
Dhalai(DISTRICT MAGISTRATE DHALAI_IDA),Tripura,5623303.0,2,DIPESH BISWAS,0.7101,0.5883,UNKNOWN,False,False,0.5072
LOWER SUBANSIRI(Deputy Commissioner Lower Subansir_IDA),Arunachal Pradesh,8100000.0,7,AVSON ENTERPRISE,0.4691,0.3275,UNKNOWN,False,True,0.5045
BALRAMPUR(DISTRICT MAGISTRATE BALRAMPUR_IDA),Uttar Pradesh,15094456.0,5,S P CONSTRUCTION,0.4826,0.317,PRIVATE_ENTITY,False,True,0.5033
KATNI(District Collector Katni_IDA),Madhya Pradesh,4450000.0,9,GRAM PANCHAYAT KHAMHARIYA BAAGRI,0.4831,0.3152,UNKNOWN,False,True,0.5026
Sepahijala(DISTRICT MAGISTRATE and COLLECTOR SIPAHIJALA_IDA),Tripura,26329280.0,5,SOUMEN ADHIKARY,0.43,0.3462,UNKNOWN,False,True,0.5021
KUMURAM BHEEM ASIFABAD(District Collector KB Asifabad_IDA),Telangana,9014209.0,6,JAGADEESHWAR HANUMANDLA,0.4434,0.3346,UNKNOWN,False,True,0.5003
GORAKHPUR(DISTRICT MAGISTRATE GORAKHPUR_IDA),Uttar Pradesh,42648872.0,8,OM ENTERPRISES,0.4646,0.3216,PRIVATE_ENTITY,False,True,0.5002
KISHANGANJ(DISTRICT PLANNING OFFICER KISHANGANJ_IDA),Bihar,61015400.0,1,RANJIT SALES CORPORATION,1.0,1.0,GOVERNMENT_ENTITY,False,True,0.5
Davanagere(DEPUTY COMMISSIONER DAUANAGERE_IDA),Karnataka,56200000.0,1,NIRMITHI KENDRA DAVANGERE,1.0,1.0,GOVERNMENT_ENTITY,False,True,0.5
UTTARA KANNADA(DEPUTY COMMISSIONER UTTARKANNADA KARWAR_IDA),Karnataka,32825000.0,1,ZILLA NIRMITI KENDRA,1.0,1.0,GOVERNMENT_ENTITY,False,True,0.5
CHATRA(DEPUTY COMMISSIONER CHATRA_IDA),Jharkhand,26463088.0,1,DISTRICT ENGINEER,1.0,1.0,GOVERNMENT_ENTITY,False,True,0.5
GADAG(Deputy Commsioner Gadag_ida),Karnataka,23100000.0,1,PROJECT MANAGER NIRMITI KENDRA GADAG,1.0,1.0,GOVERNMENT_ENTITY,False,True,0.5
"KHAWZAWL(Office of the Deputy Commissioner, Khawzawl)",Mizoram,3300000.0,5,ROBERT KHAMKHANPAU,0.4545,0.3257,UNKNOWN,False,True,0.4992
Kandhamala(DISTRICT COLLECTOR KANDHAMAL_IDA),Odisha,37431654.0,17,MAHAKUMBHA PROPERTIES PVT LIMITED,0.5062,0.2943,PRIVATE_ENTITY,False,True,0.499
FARIDABAD(DEPUTY COMMISSIONER FARIDABAD_IDA),Haryana,7562550.0,6,MENTIZ INFRATECH INDIA,0.4926,0.297,PRIVATE_ENTITY,False,True,0.4963
WANAPARTHY(DISTRICT COLLECTOR WANAPARTHY_IDA),Telangana,19981603.0,14,PRAGATHI CONSTRUCITONS,0.4989,0.2918,UNKNOWN,False,True,0.4956
BOKARO(DEPUTY COMMISSIONER BOKARO_IDA),Jharkhand,32065760.0,4,JUNIOR ENGINEER RDSD BOKARO,0.4455,0.322,UNKNOWN,False,True,0.4946
RAMPUR(DISTRICT MAGISTRATE RAMPUR_IDA),Uttar Pradesh,74744421.0,4,AL ARQAM ENTERPRISES,0.4301,0.3288,PRIVATE_ENTITY,False,True,0.4934
ALIRAJPUR(District Collector Alirajpur_IDA),Madhya Pradesh,14265670.0,4,PRACHI CONSTRUCTION,0.4413,0.3209,PRIVATE_ENTITY,False,True,0.4928
GANDERBAL(Deputy Commissioner Ganderbal_IDA),Jammu And Kashmir,1451299.0,6,GHULAM RASOOL WANI,0.4682,0.3032,UNKNOWN,False,True,0.4921
GODDA(Deputy Commissioner Godda_IDA),Jharkhand,2325000.0,3,RAJU SHARMA,0.3978,0.3433,UNKNOWN,False,True,0.491
BUXAR(DISTRICT PLANNING OFFICER BUXAR_IDA),Bihar,36896366.0,5,ASSISTANT ENGINEER BRAHMPUR,0.4108,0.3346,UNKNOWN,False,True,0.4906
Uttarkashi(DISTRICT COLLECTOR UTTARKASHI_IDA),Uttarakhand,6363065.0,53,MANBEER SINGH,0.4428,0.3129,UNKNOWN,False,True,0.4893
PATNA(DISTRICT PLANNING OFFICER PATNA_IDA),Bihar,56647683.0,6,ASSISTANT ENGINEER DIGHA,0.4595,0.3006,UNKNOWN,False,True,0.4881
Maihar(District Collector Maihar_IDA),Madhya Pradesh,6341154.0,8,R M MP AGRO SATNA,0.4892,0.2794,UNKNOWN,False,True,0.4865
JAGATSINGHAPUR(DISTRICT COLLECTOR JAGATSINGHPUR_IDA),Odisha,5239300.0,17,SASHIKALA ENTERPRISES,0.4772,0.283,PRIVATE_ENTITY,False,True,0.4847
PURULIA(DISTRICT MAGISTRATE PURULIA_IDA),West Bengal,36305010.0,5,GOPAL CHANDRA CHOWDHURY,0.4232,0.3096,UNKNOWN,False,True,0.4818
MANDYA(DEPUTY COMMISSIONER MANDYA_IDA),Karnataka,43040000.0,3,PROJECT MANAGER NIRMITHI KENDRA MANDYA,0.9712,0.9436,GOVERNMENT_ENTITY,True,True,0.4816
Khargone (West Nimar)(DISTRICT COLLECTOR KHARGONE_IDA),Madhya Pradesh,49676587.0,13,MP AGRO,0.4751,0.2751,UNKNOWN,False,True,0.4801
JODHPUR(DISTRICT COLLECTOR JODHPUR IDA),Rajasthan,1490326.0,2,LAXMI CONSTRUCTION COMPANY,0.67,0.5578,PRIVATE_ENTITY,False,False,0.4799
PHEK(Deputy Commissioner Phek_IDA),Uttar Pradesh,1500000.0,2,REKHA ROSE DUKRU,0.6667,0.5556,UNKNOWN,False,False,0.4778
"WEST SIANG(DEPUTY COMMISSIONER, WEST SIANG (IDA))",Arunachal Pradesh,8900000.0,6,MIGOM KAMUM,0.4494,0.2829,UNKNOWN,False,True,0.4763
WAYANAD(DISTRICT COLLECTOR WAYANAD_IDA),Kerala,18195137.0,12,SML ISUZU LTD,0.4736,0.2682,PRIVATE_ENTITY,False,True,0.4762
EAST(COMMISSIONER EAST),Delhi,23915861.0,6,GREENZ,0.4526,0.2788,UNKNOWN,False,True,0.4752
WEST GARO HILLS(DEPUTY COMMISSIONER WEST GARO HILLS_IDA),Meghalaya,53370000.0,67,AIOK M SANGMA,0.4928,0.2501,UNKNOWN,False,True,0.4729
NAMSAI(Deputy Commisioner Namsai_IDA),Arunachal Pradesh,6995584.0,6,SIDHARAT ENTERPRISE,0.4288,0.286,UNKNOWN,False,True,0.4716
VALSAD(DISTRICT COLLECTOR VALSAD_IDA),Gujarat,27916791.0,21,SWARA ENTERPRISES,0.4789,0.2551,PRIVATE_ENTITY,False,True,0.4712
Eluru(DISTRICT COLLECTOR ELURU_IDA),Andhra Pradesh,41237305.0,12,I MAX SCIENCE HOUSE,0.4559,0.2659,UNKNOWN,False,True,0.4697
MAHOBA(DISTRICT MAGISTRAE MAHOBA_IDA),Uttar Pradesh,20653081.0,6,LAKSHYA CONTRUCTION,0.3839,0.3045,UNKNOWN,False,True,0.4674
GONDA(DISTRICT MAGISTRATE GONDA_IDA),Uttar Pradesh,126064367.0,24,SRIJAN CONSTRUCTION,0.4621,0.2572,PRIVATE_ENTITY,False,True,0.4672
WARANGAL(District Collector Warangal_IDA),Telangana,24439143.0,9,KADDHURI KATTAIAH,0.403,0.2908,UNKNOWN,False,True,0.4663
NORTH AND MIDDLE ANDAMAN(Implementing District Authority(N&MA)),Andaman And Nicobar Islands,3833520.0,2,RAVI REALCON PVT LTD,0.6477,0.5436,PRIVATE_ENTITY,False,False,0.4661
HARIDWAR(DISTRICT MAGISTRATE HARIDWAR_IDA),Uttarakhand,4703816.0,6,VINDHYA SOLAR AND LIGHTING SOLUTIONS,0.4215,0.2785,UNKNOWN,False,True,0.4657
TEHRI GARHWAL(DISTRICT MAGISTRATE TEHRI GARHWAL_IDA),Uttarakhand,17094066.0,44,MASTI RAM,0.4527,0.2563,UNKNOWN,False,True,0.4639
LALITPUR(DISTRICT MAGISTRATE LALITPUR_IDA),Uttar Pradesh,30716044.0,14,AADITYA VAIDHYA,0.4517,0.2494,UNKNOWN,False,True,0.4602
JANGOAN(DISTRICT COLLECTOR JANGAON_IDA),Telangana,9705767.0,12,UPENDER KURELLA,0.4525,0.2433,UNKNOWN,False,True,0.4574
MYSURU(DEPUTY COMMISSIONER MYSORE_IDA),Karnataka,67046570.0,5,MYSORE NIRMITHI KENDRA,0.9309,0.8685,GOVERNMENT_ENTITY,True,True,0.4568
"MAJULI(District Commissioner, Majuli)",Assam,4572331.0,7,MRITYUNJOY KHANIKAR,0.4308,0.2534,UNKNOWN,False,True,0.4559
SALEM(DISTRICT COLLECTOR SALEM_IDA),Tamil Nadu,54767463.0,10,MUNIAN VENKATESAN,0.4446,0.2421,UNKNOWN,False,True,0.4544
NAGARKURNOOL(DISTRICT COLLECTOR NAGARKURNOOL_IDA),Telangana,19574305.0,9,MOHAMMED HASSAN AHEMED,0.4373,0.2433,UNKNOWN,False,True,0.4528
"EAST GODAVARI(DISTRICT COLLECTOR, EAST GODAVARI)",Andhra Pradesh,16017035.0,9,KANDAVALLI BUTCHAMMA,0.4394,0.2421,UNKNOWN,False,True,0.4528
Kotputli-Behror(DISTRICT COLLECTOR Kotputli Behror_IDA),Rajasthan,8785877.0,5,A EN O AND M JVVNL BEHROR RURAL,0.4095,0.2599,UNKNOWN,False,True,0.4528
SOUTH GOA(DISTRICT COLLECTOR SOUTH GOA_IDA),Goa,48358008.0,14,SML ISUZU LTD,0.3626,0.2863,PRIVATE_ENTITY,False,True,0.4519
SANGRUR(DEPUTY COMMISSIONER SANGRUR_IDA),Punjab,20056000.0,68,GHATOURA AGRICULTURE WORKS,0.4622,0.2261,UNKNOWN,False,True,0.4517
KAIMUR (BHABUA)(DISTRICT PLANNING OFFICER KAIMUR BHABUA_IDA),Bihar,136150526.0,7,S K ENTERPRISES,0.3831,0.2691,PRIVATE_ENTITY,False,True,0.4495
KASARAGOD(DISTRICT COLLECTOR KASARAGOD_IDA),Kerala,18707507.0,13,M S COMMUNICATION,0.3676,0.2763,UNKNOWN,False,True,0.4484
GURUGRAM(DC CUM NODAL OFFICER MPLADS_5),Haryana,3535714.0,4,THE MANGAWAS COOPERATIVE LABOUR AND CONSTRUCTION SOCIETY LTD,0.3599,0.2792,PRIVATE_ENTITY,False,True,0.4476
SIDHI(DISTRICT COLLECTOR SIDHI_IDA),Madhya Pradesh,71366172.0,60,MP STATE AGRO IND DEV CORP LTD,0.4572,0.2199,PRIVATE_ENTITY,False,True,0.4471
Dangs(DISTRICT COLLECTOR DANG_IDA),Gujarat,7556739.0,7,SWARA ENTERPRISES,0.3942,0.2535,PRIVATE_ENTITY,False,True,0.445
PRATAPGARH(DISTRICT COLLECTOR PRATAPGARH_IDA),Rajasthan,2093587.0,24,RANAWAT CONSTRUCTION,0.403,0.2459,PRIVATE_ENTITY,False,True,0.4439
GOPALGANJ(DISTRICT PLANNING OFFICER GOPALGANJ_IDA),Bihar,51862560.0,15,BIDP INDIA PRIVATE LIMITED,0.3837,0.257,PRIVATE_ENTITY,False,True,0.4436
BARWANI(DISTRICT COLLECTOR BADWANI_IDA),Madhya Pradesh,38767208.0,13,MP STATE AGRO IND DEV CO LTD BARWANI,0.4276,0.2304,PRIVATE_ENTITY,False,True,0.4435
KANPUR DEHAT(DISTRICT MAGISTRATE KANPUR DEHAT_IDA),Uttar Pradesh,18847071.800000004,6,BAKE BIHARI TRADERS,0.3858,0.2514,UNKNOWN,False,True,0.4414
PEREN(Deputy Commissioner Peren_IDA),Nagaland,250000.0,2,NAMDATBOU,0.6,0.52,UNKNOWN,False,False,0.44
SARAIKELA KHARSAWAN(Deputy Commissioner saraikela_IDA),Jharkhand,32817405.0,4,HARI NANDAN RAJAK,0.3386,0.2757,UNKNOWN,False,True,0.4394
SHEIKHPURA(DISTRICT PLANNING OFFICER SHEIKHPURA_IDA),Bihar,29985283.0,5,GYAN GANGA,0.386,0.2463,UNKNOWN,False,True,0.439
JABALPUR(DISTRICT COLLECTOR JABALPUR_IDA),Madhya Pradesh,20763914.0,12,MP AGRO JABALPUR,0.4171,0.2278,UNKNOWN,False,True,0.439
PATHANAMTHITTA(DISTRICT COLLECTOR PATHANAMTHITTA_IDA),Kerala,13752386.0,12,M S COMMUNICATION,0.4146,0.228,UNKNOWN,False,True,0.4384
PALWAL(CEO DRDA MPLADS PALWAL),Haryana,15196305.0,8,MENTIZ INFRATECH INDIA,0.3868,0.2429,PRIVATE_ENTITY,False,True,0.4375
BOTAD(District collector Botad_IDA),Gujarat,7041039.0,9,TATA MOTORS,0.4062,0.2289,UNKNOWN,False,True,0.4363
KALABURAGI(DEPUTY COMMISSIONER GULBARGA_IDA),Karnataka,5631243.0,7,KRIDL BHUSIRI ACCOUNT WORKS,0.3996,0.2303,UNKNOWN,False,True,0.435
MAHENDRAGARH(DEPUTY COMMISSIONER MAHENDRAGARH_IDA),Haryana,22024199.0,29,BIMLA AUTOMOBILES,0.4313,0.2104,UNKNOWN,False,True,0.4346
RAYAGADA(DISTRICT COLLECTOR RAYAGADA_IDA),Odisha,25253787.0,20,RAMESWAR NAIK,0.4283,0.2101,UNKNOWN,False,True,0.4336
HAPUR(DISTRICT MAGISTRATE HAPUR_IDA),Uttar Pradesh,44314912.0,7,GOLDI CONTRACTOR,0.3679,0.2454,UNKNOWN,False,True,0.4331
Charkhi Dadri(Deputy Commissioner Charkhi Dadri_IDA),Haryana,14122652.0,11,BIMLA AUTOMOBILES,0.399,0.2255,UNKNOWN,False,True,0.4324
WEST KAMENG(Deputy Commisioner West Kameng_IDA),Arunachal Pradesh,13082720.0,11,MS MOHNIO ENTERPRISES,0.4057,0.2183,PRIVATE_ENTITY,False,True,0.4309
BOUDH(District Collector Boudh_IDA),Odisha,429972.0,6,BABUN KUMAR SAHU,0.6253,0.4864,UNKNOWN,False,False,0.4308
Biswanath(Deputy Commissioner Biswanath_IDA),Assam,43737918.0,23,R ENTERPRISE,0.3961,0.2229,UNKNOWN,False,True,0.4303
BARAN(DISTRICT COLLECTOR BARAN_IDA),Rajasthan,4051304.0,2,JAI MATA DI CONSTRUCTION KELWARA,0.5713,0.5102,PRIVATE_ENTITY,False,False,0.4265
SHAJAPUR(District Collector Shajapur_IDA),Madhya Pradesh,10146249.0,8,CEO JANPAD PANCVHAYAT MOMAN BADODIYA,0.3647,0.2341,UNKNOWN,False,True,0.4264
Tirupathur(District Collector Tirupathur_IDA),Tamil Nadu,51926096.0,31,T S SOLAR POWER SYSTEM,0.4228,0.1985,UNKNOWN,False,True,0.4261
BAREILLY(DISTRICT MAGISTRAE BAREILLY_IDA),Uttar Pradesh,131356497.0,22,ANUJ SINGHAL CONTRACTOR,0.4041,0.2024,UNKNOWN,False,True,0.4224
ALMORA(DISTRICT MAGISTRATE ALMORA_IDA),Uttarakhand,2403228.0,62,LAL SINGH JALAL,0.4013,0.2031,UNKNOWN,False,True,0.4219
MAUGANJ(District Collector Mauganj_IDA),Madhya Pradesh,17269028.0,11,MP STATE AGRO INDUSTRIES DEVELOPMENT CORP REWA,0.3316,0.2447,UNKNOWN,False,True,0.4218
SOUTH WEST(COMMISSIONER MCD SOUTH WEST),Delhi,9378657.0,7,ASN SERVICES PVT LIMITED,0.3688,0.2162,PRIVATE_ENTITY,False,True,0.4187
JAMUI(DISTRICT PLANNING OFFICER JAMUI_IDA),Bihar,89689847.0,9,CHANCH PRO ENGINEERS,0.3345,0.2349,UNKNOWN,False,True,0.4178
JEHANABAD(DISTRICT PLANNING OFFICER JEHANABAD_IDA),Bihar,45889798.0,6,SIMRAN INDUSTRIES GROUP,0.3373,0.2331,UNKNOWN,False,True,0.4177
"Namchi(IMPLEMENTING DISTRICT AGENCY, NAMCHI)",Sikkim,698711.0,2,ASSISTANT ENGINEER SOUTH DISTRICT ZILLA PANCHAYAT,0.5492,0.5048,UNKNOWN,False,False,0.4172
Dakshin Dinajpur(DISTRICT MAGISTRATE DINAJPUR DAKSHIN_IDA),West Bengal,29817156.0,11,BOND CONSTRUCTION,0.3554,0.2153,PRIVATE_ENTITY,False,True,0.4143
KANNAUJ(DISTRICT MAGISTRATE KANNAUJ_IDA),Uttar Pradesh,14016247.0,17,MS BHARTIYA CONSTRUCTION,0.3746,0.2039,PRIVATE_ENTITY,False,True,0.4143
SOLAPUR(DISTRICT COLLECTOR SOLAPUR_IDA),Maharashtra,20551372.0,16,ABHIJEET AGENCIES SOLAPUR,0.3982,0.1886,UNKNOWN,False,True,0.4137
JHARSUGUDA(DISTRICT COLLECTORJHARSUGUDA_IDA),Odisha,2500000.0,6,MILAN KUMAR NAIK,0.3215,0.2337,UNKNOWN,False,True,0.4133
Salumbar(DISTRICT COLLECTOR Salumbar_IDA),Rajasthan,4208284.0,9,RITVI CONSTRUCTIONS,0.3564,0.2121,PRIVATE_ENTITY,False,True,0.413
Dudu(DISTRICT COLLECTOR Dudu_IDA),Rajasthan,2845066.0,5,NARAYAN SINGH DEVENDA,0.3364,0.224,UNKNOWN,False,True,0.4129
NALGONDA(DISTRICT COLLECTOR NALGONDA),Telangana,32469782.0,16,DORNALA ANJAIAH,0.3719,0.201,UNKNOWN,False,True,0.4121
HASSAN(DEPUTY COMMISSIONER HASSAN_IDA),Karnataka,55798951.0,52,KRIDL BHUSIRI ACCOUNT WORKS,0.4023,0.1823,UNKNOWN,False,True,0.4119
SIRSA(DEPUTY COMMISSIONER SIRSA_IDA),Haryana,17141890.0,14,KIRPAL SINGH AND SONS,0.3675,0.2021,UNKNOWN,False,True,0.4113
BUDAUN(DISTRICT MAGISTRATE BUDAUN_IDA),Uttar Pradesh,143097922.0,9,SHRI GURU KRIPA NARSINGH ASSOCIATES,0.3484,0.2113,PRIVATE_ENTITY,False,True,0.4102
SANGAREDDY(District Collector Sangareddy_IDA),Telangana,28352210.0,15,MACHNOOR YELLAREDDY,0.3757,0.193,UNKNOWN,False,True,0.4092
"BILASPUR(DEPUTY COMMISSIONER, BILASPUR)",Himachal Pradesh,1019874.0,6,GP PATER MP,0.3432,0.2109,UNKNOWN,False,True,0.4084
KARGIL(Deputy CommissionerKargil),Ladakh,6009392.0,6,SML ISUZU LTD,0.3451,0.2079,PRIVATE_ENTITY,False,True,0.4075
THIRUVANANTHAPURAM(DISTRICT COLLECTOR THIRUVANANTHAPURAM_IDA),Kerala,70614458.0,41,ALLUMINA ELECTRONICS,0.3955,0.177,UNKNOWN,False,True,0.4072
Khairagarh-Chhuikhadan-Gandai(District Collector Khairagarh_IDA),Chhattisgarh,3999175.0,4,GAGAN BOOK SUPPLIER,0.6251,0.4376,UNKNOWN,False,False,0.4063
UDAIPUR(DISTRICT COLLECTOR UDAIPUR_IDA),Rajasthan,17017011.0,36,SHREE RAM ENTERPRISES,0.3739,0.1866,PRIVATE_ENTITY,False,True,0.4054
KRISHNAGIRI(DISTRICT COLLECTOR KRISHNAGIRI_IDA),Tamil Nadu,43751650.0,16,SRI VAARI TOTAL GAZ DISTRIBUTORS,0.3802,0.1825,UNKNOWN,False,True,0.4053
PATHANKOT(DEPUTY COMMISSIONER PATHANKOT_IDA),Punjab,10471721.0,19,MS SRV INTERNATIONAL,0.3332,0.2102,UNKNOWN,False,True,0.4051
Anakapalli(DISTRICT COLLECTOR ANAKAPALLI_IDA),Andhra Pradesh,31475352.0,9,GRAMONNATI,0.3273,0.2121,UNKNOWN,False,True,0.4042
GAUTAM BUDDHA NAGAR(DISTRICT MAGISTRATE GAUTAMBUDHNAGAR),Uttar Pradesh,44533519.0,14,YASHIKA CONSTRUCTION CO,0.3806,0.1799,PRIVATE_ENTITY,False,True,0.4041
ETAH(DISTRICT MAGISTRATE ETAH_IDA),Uttar Pradesh,55718663.0,8,SUPER AGRO,0.33,0.2094,UNKNOWN,False,True,0.4037
MEDAK(COLLECTOR MEDAK DISTRICT),Telangana,257016.0,2,SAI KIRSHNA HONDA,0.5064,0.5001,UNKNOWN,False,False,0.402
EAST KAMENG(Deputy Commisioner East Kameng_IDA),Arunachal Pradesh,6500000.0,5,DONALD REBE ENTERPRISES,0.3077,0.2189,PRIVATE_ENTITY,False,True,0.4018
"Sribhumi(Deputy Commissioner , Karimganj)",Assam,66488500.0,13,BITU RAY,0.3032,0.2214,UNKNOWN,False,True,0.4016
KHERI(DISTRICT MAGISTRAE KHERI_IDA),Uttar Pradesh,122588574.0,6,SHIV KUMAR THEKEDAR,0.2812,0.2333,UNKNOWN,False,True,0.401
ANJAW(Deputy Commisioner Anjaw_IDA),Arunachal Pradesh,4000000.0,2,MS B T CONSTRUCTION,0.5,0.5,PRIVATE_ENTITY,False,False,0.4
DHAR(DISTRICT COLLECTOR DHAR_IDA),Madhya Pradesh,79970723.0,56,M P AGRO DHAR,0.3929,0.1637,UNKNOWN,False,True,0.3997
Parvathipuram Manyam(District Collector Parvathipuram Manyam_IDA),Andhra Pradesh,10313236.0,11,ATCHUTA RAO REDDI,0.3102,0.212,UNKNOWN,False,True,0.3991
DHENKANAL(DISTRICT COLLECTOR DHENKANAL_IDA),Odisha,2008929.0,12,ASHISH BARDHAN,0.3218,0.2002,UNKNOWN,False,True,0.3967
KAMAREDDY(District Collector Kamareddy_IDA),Telangana,10935672.0,12,NAV BHARATH CONSTRUCIONS,0.3359,0.1905,UNKNOWN,False,True,0.396
BEGUSARAI(DISTRICT PLANNING OFFICER BEGUSARAI_IDA),Bihar,32994877.0,7,ASST ENGINEER LAEO WD 1 BEGUSARAI VSK BEGUSARAI,0.2999,0.2113,UNKNOWN,False,True,0.3956
Purba Medinipur(DISTRICT MAGISTRATE PURBA MEDINIPUR_IDA),West Bengal,79701635.78,87,GLOSIA ENERGY INDIA PRIVATE LIMITED,0.383,0.1612,PRIVATE_ENTITY,False,True,0.3955
AGRA(DISTRICT MAGISTRAE AGRA_IDA),Uttar Pradesh,195564241.0,9,SAI ENTERPRISES,0.3322,0.1914,PRIVATE_ENTITY,False,True,0.3954
TAWANG(Deputy Commisioner Tawang_IDA),Arunachal Pradesh,2977491.0,3,MS G T CONSTRUCTION,0.4965,0.4928,PRIVATE_ENTITY,False,False,0.3953
SUPAUL(DISTRICT PLANNING OFFICER SUPAUL_IDA),Bihar,87958077.0,13,VEENA CONSTRUCTIONS,0.3037,0.2078,PRIVATE_ENTITY,False,True,0.395
Khairthal-Tijara(DISTRICT COLLECTOR KHAIRTHAL TIJARA_IDA),Rajasthan,8273922.0,6,RUPESH AND HAWA SINGH SALES,0.2869,0.2174,UNKNOWN,False,True,0.3948
FEROZEPUR(DEPUTY COMMISSIONER FIROZEPUR_IDA),Punjab,51061920.0,24,THE GILL SEHKARI KIRAT TE USSARI SABHA LTD,0.3272,0.1914,PRIVATE_ENTITY,False,True,0.3939
KINNAUR(DEPUTY COMMISSIONER KINNAUR_IDA),Himachal Pradesh,2430703.0,48,MANJUSHREE PLASTICS PRIVATE LIMITED,0.3703,0.1653,PRIVATE_ENTITY,False,True,0.3937
DUMKA(DEPUTY COMMISSIONER DUMKA_IDA),Jharkhand,47299305.0,6,SANDIP KUMAR BHAGAT,0.3087,0.2002,UNKNOWN,False,True,0.3927
Anoopgarh(DISTRICT COLLECTOR Anoopgarh_IDA),Rajasthan,1353992.0,3,SHRI GURU JAMBHESHWAR CONSTRUCTION COMPANY,0.5834,0.4353,PRIVATE_ENTITY,False,False,0.3927
MATHURA(DISTRICT MAGISTRAE MATHURA_IDA),Uttar Pradesh,40721168.0,14,JAY MAHAVEER INFRAVENTURE PRIVATE LIMITED,0.3341,0.1822,PRIVATE_ENTITY,False,True,0.3913
CHHOTAUDEPUR(DISTRICT COLLECTOR CHHOTA UDEPUR_IDA),Gujarat,7533406.0,18,SHIVALAYA CONTRUCTION AND SUPPLIERS,0.3568,0.1679,UNKNOWN,False,True,0.391
WEST(COMMISSIONER MCD WEST),Delhi,3696708.0,5,KHALSA EXPORTS PRIVATE LIMITED,0.274,0.2172,PRIVATE_ENTITY,False,True,0.3908
MALERKOTLA(Deputy Commissioner Malerkotla_IDA),Punjab,6553959.0,24,BRISTO SECURITY SYSTEM,0.3584,0.1659,UNKNOWN,False,True,0.3905
BANDIPORA(Deputy Commissioner Bandipora_IDA),Jammu And Kashmir,2471421.0,5,BLOCK DEVE OFFICER BPR,0.2782,0.213,UNKNOWN,False,True,0.39
SIROHI(DISTRICT COLLECTOR SIROHI_IDA),Rajasthan,20069454.0,62,MS GALAXY AGENCY,0.3588,0.1633,UNKNOWN,False,True,0.3893
PASCHIM BARDHAMAN(DISTRICT MAGISTRATE PASCHIM BARDHAMAN_IDA),West Bengal,78088704.0,13,TECHNO BEST,0.3071,0.1937,UNKNOWN,False,True,0.389
PRATAPGARH(DISTRICT MAGISTRAE PRATAPGARH_IDA),Uttar Pradesh,63929992.0,10,JAI PRAKASH,0.317,0.1876,UNKNOWN,False,True,0.3889
KODAGU(Deputy Commsioner Kodagu_ida),Karnataka,18300000.0,3,KODAGU NIRMITHI KENDRA,0.7992,0.6716,GOVERNMENT_ENTITY,True,True,0.3878
HINGOLI(DISTRICT COLLECTOR HINGOLI_IDA),Maharashtra,25715195.0,10,PATHAN FURQAN ABDULLA KHAN,0.3108,0.188,UNKNOWN,False,True,0.3872
Pakyong(DISTRICT COLLECTOR PAKYONG_IDA),Sikkim,9475257.0,7,RAJU ENTERPRISES,0.2784,0.2049,PRIVATE_ENTITY,False,True,0.386
JAYASHANKAR BHUPALAPALLY(DISTRICT COLLECTOR JAYASHANKAR BHUPALPALLY_IDA),Telangana,2997836.0,8,MOKIRALA MADHU VAMSHI KRISHNA,0.3184,0.1798,UNKNOWN,False,True,0.3854
SHAHJAHANPUR(DISTRICT MAGISTRAE SHAHJAHANAPUR_IDA),Uttar Pradesh,138723000.0,6,RMK ENTERPRISES,0.2733,0.2064,PRIVATE_ENTITY,False,True,0.3852
GHAZIPUR(DISTRICT MAGISTRAE GHAZIPUR_IDA),Uttar Pradesh,127192762.0,40,SHYAM SOLAR TRADING,0.3517,0.1551,UNKNOWN,False,True,0.383
ALIGARH(DISTRICT MAGISTRATE ALIGARH_IDA),Uttar Pradesh,136934270.0,7,S K CONSTRUCTION,0.2814,0.1955,PRIVATE_ENTITY,False,True,0.3821
RAE BARELI(DISTRICT MAGISTRATE RAE BARELI_IDA),Uttar Pradesh,43499929.0,32,AADI AND RUDRANSH CONSTRUCTION COMPANY,0.3544,0.1511,PRIVATE_ENTITY,False,True,0.3819
PRAYAGRAJ(DISTRICT MAGISTRAE ALLAHABAD_IDA),Uttar Pradesh,185973086.0,26,SUNNY ENTERPRISES,0.3335,0.1634,PRIVATE_ENTITY,False,True,0.3817
Ananthapuramu(DISTRICT COLLECTOR ANANTAPUR_IDA),Andhra Pradesh,67379400.0,26,PASUPARTHI HAREESH,0.3421,0.1566,UNKNOWN,False,True,0.3809
NORTH(COMMISSIONER MCD NORTH_IDA),Delhi,13858383.0,7,KHALSA EXPORTS PRIVATE LIMITED,0.3021,0.1793,PRIVATE_ENTITY,False,True,0.3803
DEHRADUN(DISTRICT MAGISTRATE DEHRADUN_IDA),Uttarakhand,30419854.0,68,MASTI RAM,0.3522,0.1471,UNKNOWN,False,True,0.3792
MAHABUBNAGAR(DISTRICT COLLECTOR MAHABUBNAGAR_3),Telangana,12090508.0,11,VIOLET ENTERPRISES,0.3098,0.1716,PRIVATE_ENTITY,False,True,0.3787
GANDHINAGAR(DISTRICT COLLECTOR GANDHINAGAR_IDA),Gujarat,22416998.0,32,ALPHA EQUIPMENTS,0.3452,0.15,UNKNOWN,False,True,0.3785
BULANDSHAHR(DISTRICT MAGISTRATE BULANDSHAHR_IDA),Uttar Pradesh,139892361.0,9,M S Y R ENTERPRISES,0.2844,0.1852,PRIVATE_ENTITY,False,True,0.3779
YADGIR(Deputy Commsioner Yadgir_ida),Karnataka,7915000.0,3,NIRMITHI KENDRA YADGIR,0.784,0.6384,GOVERNMENT_ENTITY,True,True,0.3772
KAUSHAMBI(DISTRICT MAGISTRAE KAUSHAMBI_IDA),Uttar Pradesh,44311944.0,8,MS GYANCHAND,0.2702,0.1917,UNKNOWN,False,True,0.3769
FATEHABAD(Deputy Commissioner Fatehabad),Haryana,7328643.0,14,NET RAM MANI RAM ELECTRICAL CARPORATION,0.2947,0.1767,UNKNOWN,False,True,0.3768
WEST KARBI ANGLONG(DISTRICT COMMISSIONER WEST KARBI ANGLONG),Assam,4580354.0,13,DIPAK KUMAR YADAV,0.3188,0.1624,UNKNOWN,False,True,0.3768
HARDOI(DISTRICT MAGISTRATE HARDOI_IDA),Uttar Pradesh,85755277.0,20,BALAJI ENTERPRISES,0.2964,0.1754,PRIVATE_ENTITY,False,True,0.3766
JAISALMER(DISTRICT COLLECTOR JAISLAMER_IDA),Rajasthan,6601632.0,6,KALPIT ENTERPRISES,0.2491,0.1996,PRIVATE_ENTITY,False,True,0.3745
RATNAGIRI(District Collector Ratnagiri_IDA),Maharashtra,8207672.0,11,BHUSHAN RAMDAS TULSAVADEKAR,0.3046,0.1651,UNKNOWN,False,True,0.3739
NAMAKKAL(DISTRICT COLLECTOR NAMAKKAL_IDA),Tamil Nadu,85181729.0,32,HINDUSTHAN POWER TECHNOLOGY,0.3407,0.1425,UNKNOWN,False,True,0.3735
SURYAPET(DISTRICT COLLECTOR SURYAPET),Telangana,9023056.0,10,VADLAKONDA SREENU,0.2769,0.1805,UNKNOWN,False,True,0.3733
JAUNPUR(DISTRICT MAGISTRATE JAUNPUR_IDA),Uttar Pradesh,107077528.0,31,BHAGWATI CHAND,0.3296,0.1476,UNKNOWN,False,True,0.3727
BURHANPUR(District Collector Burhanpur_IDA),Madhya Pradesh,17078941.0,13,MP STATE AGRO IND DEV CORPN LTD BURHANPUR,0.2961,0.167,PRIVATE_ENTITY,False,True,0.3723
YADADRI BHUVANAGIRI(DISTRICT COLLECTOR YADADRI BHUVANAGIRI_IDA),Telangana,17046642.0,14,NARSIMHULU AKULA,0.3156,0.1492,UNKNOWN,False,True,0.3693
JOGULAMBA GADWAL(DISTRICT COLLECTOR JOGULAMBA GADWAL_IDA),Telangana,10288852.0,10,DONTHI PAVANI,0.2894,0.1624,UNKNOWN,False,True,0.368
KARAULI(DISTRICT COLLECTOR KARAULI_IDA),Rajasthan,6754211.0,104,HARIOM INTERPRIZEZ,0.2752,0.1708,UNKNOWN,False,True,0.368
NUAPADA(DISTRICT COLLECTOR  NUAPADA_IDA),Odisha,3308707.0,8,SANGRAM KESHARI PARIDA,0.2756,0.1698,UNKNOWN,False,True,0.3676
REWA(DISTRICT COLLECTOR REWA_IDA),Madhya Pradesh,69666397.0,28,PUNA IRON INDUSTRIES,0.2723,0.171,UNKNOWN,False,True,0.3672
NALANDA(DISTRICT PLANNING OFFICER NALANDA_IDA),Bihar,45509064.0,9,SHEEL SONS,0.2768,0.1673,UNKNOWN,False,True,0.3667
TIRAP(DEPUTY COMMISSIONER TIRAP_IDA),Arunachal Pradesh,4000000.0,7,MAK AND SONS ENTERPRISES,0.25,0.1823,PRIVATE_ENTITY,False,True,0.3661
MUZAFFARPUR(DISTRICT PLANNING OFFICER MUZAFFARPUR_IDA),Bihar,227484026.0,12,INTENT COMPUTER SOLUTIONS,0.2745,0.1663,UNKNOWN,False,True,0.3655
MANDSAUR(DISTRICT COLLECTOR MANDSAUR_IDA),Madhya Pradesh,16890998.0,14,CEO JANPAD PANCHAYAT MANDSAUR,0.2931,0.1543,UNKNOWN,False,True,0.3651
KALAHANDI(DISTRICT COLLECTOR KALAHANDI_IDA),Odisha,47796291.0,25,ANOUSHKA NIRMAN PVT LTD,0.2929,0.1537,PRIVATE_ENTITY,False,True,0.3647
DHULE(DISTRICT COLLECTOR DHULE_IDA),Maharashtra,23635398.0,9,SHRI GANESH ELECTRICAL AND CONTRACTER,0.2726,0.1657,UNKNOWN,False,True,0.3646
SHAMLI(DISTRICT MAGISTRATE SHAMLI_IDA),Uttar Pradesh,19804592.0,7,MARUF ALI CONTRACTOR,0.259,0.1723,UNKNOWN,False,True,0.3639
Kakinada(DISTRICT COLLECTOR KAKINADA_IDA),Andhra Pradesh,20468133.0,12,SRI MURALI KRISHNA CONSTRUCTIONS,0.2911,0.1527,PRIVATE_ENTITY,False,True,0.3637
UDHAMPUR(Deputy Commissioner Udhampur_IDA),Jammu And Kashmir,7795098.0,26,EXPERT DRILLERS,0.3173,0.136,UNKNOWN,False,True,0.3632
JHABUA(DISTRICT COLLECTOR JHABUA_IDA),Madhya Pradesh,17935205.0,33,MP AGRO JHABUA,0.3284,0.1263,UNKNOWN,False,True,0.3617
Uttar Bastar Kanker(DISTRICT COLLECTOR KANKER_IDA),Chhattisgarh,21783607.0,20,JAISWAL WOODEN INDUSTRIES,0.2984,0.1436,UNKNOWN,False,True,0.3613
BHAVNAGAR(DISTRICT COLLECTOR BHAVNAGAR_IDA),Gujarat,30338399.0,51,SARVOTTAM APPLIANCES PRIVATE LIMITED,0.3296,0.1244,PRIVATE_ENTITY,False,True,0.3611
GANGANAGAR(Zilla GANGANAGAR),Rajasthan,6714800.0,34,RAJ CONSTRUCTION COMPANY,0.281,0.1515,PRIVATE_ENTITY,False,True,0.36
AURANGABAD(DISTRICT PLANNING OFFICER AURANGABAD_IDA),Bihar,53210053.0,11,BIDHANSABHA KSHETRA OBRA SAHAYAK ABHIYANTA,0.2776,0.1525,UNKNOWN,False,True,0.3595
RAJOURI(Deputy Commissioner Rajouri_IDA),Jammu And Kashmir,5723000.0,10,GHULAM MURTAZA,0.2796,0.1482,UNKNOWN,False,True,0.358
UPPER SUBANSIRI(Deputy Commisioner Upper Subansiri_IDA),Arunachal Pradesh,10100000.0,10,YAJUM NIRIN,0.2772,0.1493,UNKNOWN,False,True,0.3578
PRAKASAM(DISTRICT COLLECTOR PRAKASAM_IDA),Andhra Pradesh,11878734.0,7,V V SAMBASIVA SRI KRISHNA,0.2275,0.1783,UNKNOWN,False,True,0.3574
Sundaragada(DISTRICT COLLECTOR SUNDARGARH_IDA),Odisha,66763914.0,65,GEETANJALI TRADERS,0.3185,0.1208,UNKNOWN,False,True,0.356
BAHRAICH(DISTRICT MAGISTRAE BAHRAICH_IDA),Uttar Pradesh,91359091.0,11,SRIJAN CONSTRUCTION,0.2668,0.1509,PRIVATE_ENTITY,False,True,0.3555
PASHCHIM CHAMPARAN(DISTRICT PLANNING OFFICER WEST CHAMPARANBETTIAH_IDA),Bihar,63664429.0,7,R K CONSTRUCTION,0.2431,0.1651,PRIVATE_ENTITY,False,True,0.3555
SATNA(DISTRICT COLLECTOR SATNA_IDA),Madhya Pradesh,41735129.0,27,RM MP AGRO SATNA,0.2815,0.1421,UNKNOWN,False,True,0.3555
FAZILKA(DEPUTY COMMISSIONER FAZILKA_IDA),Punjab,35225100.0,31,H S AGRO,0.2389,0.1632,UNKNOWN,False,True,0.3533
LOHIT(DEPUTY COMMISSIONER LOHIT_IDA),Arunachal Pradesh,6070376.0,9,MS ENS ENTERPRISES,0.2471,0.1581,PRIVATE_ENTITY,False,True,0.3532
KANPUR NAGAR(DISTRICT MAGISTRAE KANPUR NAGAR_IDA),Uttar Pradesh,186440923.0,17,VISHWANATH ENTERPRISES,0.2429,0.1597,PRIVATE_ENTITY,False,True,0.3527
MURSHIDABAD(DISTRICT MAGISTRATE MURSHIDABAD_IDA),West Bengal,65575163.0,31,SUPTI ENTERPRISE,0.2958,0.1258,UNKNOWN,False,True,0.3516
KARBI ANGLONG(DEPUTY COMMISSIONER KARBI ANGLONG_IDA),Assam,60091415.0,38,JAMES PHANGCHO,0.2896,0.1281,UNKNOWN,False,True,0.3509
MAU(DISTRICT MAGISTRATE MAU_IDA),Uttar Pradesh,53998931.0,21,BIHARI JI MAHADEV ASSOCIATES,0.2673,0.1398,PRIVATE_ENTITY,False,True,0.3501
LUCKNOW(DISTRICT MAGISTRAE LUCKNOW_IDA),Uttar Pradesh,105512953.0,13,SHREE HARIOM INFOTECH,0.2606,0.143,UNKNOWN,False,True,0.3497
IDUKKI(DISTRICT COLLECTOR IDUKKI_IDA),Kerala,40729921.0,24,VE COMMERCIAL VEHICLES LTD,0.2581,0.1442,PRIVATE_ENTITY,False,True,0.3495
NTR(DISTRICT COLLECTOR NTR_IDA),Andhra Pradesh,6329561.0,3,POWER SOLUTIONS,0.5198,0.3862,UNKNOWN,False,False,0.3491
HAMIRPUR(DISTRICT MAGISTRATE HAMIRPUR_2),Uttar Pradesh,21562611.0,11,RUDRA TRADERS,0.2588,0.14,UNKNOWN,False,True,0.3476
LOWER DIBANG VALLEY(Deputy Commisioner Lower Dibang Valley_IDA),Arunachal Pradesh,17700000.0,9,MS ANNA ENTERPRISES,0.226,0.1596,PRIVATE_ENTITY,False,True,0.3476
KURNOOL(DISTRICT COLLECTOR KURNOOL_IDA),Andhra Pradesh,48475191.0,12,UMA MAHESWARA TUBE WELLS KURNOOL,0.2434,0.149,UNKNOWN,False,True,0.3475
KOPPAL(DEPUTY COMMISSIONER KOPPAL_IDA),Karnataka,62205795.0,43,KRIDL BHUSIRI ACCOUNT WORKS,0.3026,0.1128,UNKNOWN,False,True,0.3472
NORTH WEST(COMMISSIONER NORTH WEST),Delhi,24143218.0,14,MASTER ELECTRIC STORE,0.2688,0.133,UNKNOWN,False,True,0.3471
SARAN(DISTRICT PLANNING OFFICE SARAN CHAPRA_IDA),Bihar,40766159.0,21,LOKBHARTI PRAKASHAN,0.2944,0.1174,UNKNOWN,False,True,0.347
KANNIYAKUMARI(DISTRICT COLLECTOR KANNIYAKUMARI_IDA),Tamil Nadu,61773452.0,29,R CHANDRASEKARAN,0.2913,0.1182,UNKNOWN,False,True,0.3465
PANCH MAHALS(DISTRICT COLLECTOR PANCHMAHALS_IDA),Gujarat,32149000.0,84,KRUPAL CONSTRUCTION,0.3111,0.1058,PRIVATE_ENTITY,False,True,0.3462
JALPAIGURI(DISTRICT MAGISTRATE JALPAIGURI_IDA),West Bengal,12082736.0,3,CONSTRUCON POWER ENGINEERING,0.5147,0.3835,UNKNOWN,False,False,0.3462
FARIDKOT(DEPUTY COMMISSIONER FARIDKOT_IDA),Punjab,58865805.0,68,GILL TRADING COMPANY,0.2902,0.117,UNKNOWN,False,True,0.3456
Jhargram(DISTRICT MAGISTRATE JHARGRAM_IDA),West Bengal,51508747.0,13,ATANU PATRA,0.2267,0.1551,UNKNOWN,False,True,0.3456
EAST SIANG(Deputy Commisioner East Siang_IDA),Arunachal Pradesh,38670468.0,33,BKM ENTERPRISES,0.2766,0.1237,PRIVATE_ENTITY,False,True,0.3448
DEWAS(DISTRICT COLLECTOR DEWAS_IDA),Madhya Pradesh,30979824.0,12,CEO JANPAD PANCHAYAT DEWAS,0.2401,0.1447,UNKNOWN,False,True,0.3444
MALKANGIRI(District Collector Malkangiri_IDA),Odisha,9935798.0,10,PRDEEPTA KUMAR PANDA,0.2516,0.1378,UNKNOWN,False,True,0.3444
FATEHPUR(DISTRICT MAGISTRATE FATEHPUR_IDA),Uttar Pradesh,35707059.0,17,MS MAHENDRA KUMAR UTTAM,0.2392,0.1432,UNKNOWN,False,True,0.3434
ERNAKULAM(DISTRICT COLLECTOR ERNAKULAM_IDA),Kerala,59921301.0,40,VE COMMERCIAL VEHICLES LTD,0.2677,0.1251,PRIVATE_ENTITY,False,True,0.3429
KOLAR(DEPUTY COMMISSIONER KOLAR_IDA),Karnataka,30441084.0,28,KRIDL BHUSIRI ACCOUNT WORKS,0.2677,0.1214,UNKNOWN,False,True,0.341
DHARMAPURI(DISTRICT COLLECTOR DHARMAPURI_IDA),Tamil Nadu,64109743.0,16,AYODHYA ENTERPRISES,0.2326,0.142,PRIVATE_ENTITY,False,True,0.3408
RANGA REDDY(DISTRICT COLLECTOR RANGAREDDY_IDA),Telangana,45716522.0,24,VIOLET ENTERPRISES,0.2621,0.1241,PRIVATE_ENTITY,False,True,0.3407
BAGESHWAR(DISTRICT MAGISTRATE BAGESHWAR_IDA),Uttarakhand,1094475.0,52,MS MEENAKSHI HARDWARE,0.244,0.1343,UNKNOWN,False,True,0.3404
EAST GARO HILLS(DEPUTY COMMISSIONER EAST GARO HILLS WILLIAMNAGAR_IDA),Meghalaya,18400000.0,28,MEGHNA CHADA MARAK,0.2717,0.1147,UNKNOWN,False,True,0.3389
MUZAFFARNAGAR(DISTRICT MAGISTRATE MUZAFFARNAGAR_IDA),Uttar Pradesh,72838737.0,26,SATYAVER SIGH CONTRACTOR AND SUPPLIER,0.2497,0.1268,UNKNOWN,False,True,0.3383
BALLARI(DEPUTY COMMISSIONER BELLARY_IDA),Karnataka,14737146.0,4,BELLARY NIRMITHI KENDRA BELLARY,0.703,0.5308,GOVERNMENT_ENTITY,True,True,0.3382
SIANG(Deputy Commisioner Siang_IDA),Arunachal Pradesh,7199972.0,25,MS ANAND ENTERPRISES,0.2778,0.1092,PRIVATE_ENTITY,False,True,0.338
MARIGAON(District Development Commissioner Morigaon),Assam,33109962.0,40,PRITOM TRIBEDI,0.2667,0.1155,UNKNOWN,False,True,0.3377
KOLASIB(Deputy Commissioner Kolasib),Mizoram,9500000.0,11,VILLAGE COUNCIL KAWNPUI III,0.2368,0.1302,UNKNOWN,False,True,0.3361
ERODE(DISTRICT_COLLECTORE_ERODE_IDA),Tamil Nadu,132513450.0,55,QUALITTY ENTERPRISES,0.2845,0.1013,PRIVATE_ENTITY,False,True,0.336
BARAMULLA(DEPUTY COMMISSIONER BARAMULLAH_IDA),Jammu And Kashmir,7120591.0,11,TATA MOTORS,0.2221,0.1386,UNKNOWN,False,True,0.3359
Anugola(DISTRICT COLLECTORANGUL_IDA),Odisha,2024312.0,3,JYOTSNARANI PRADHAN,0.4911,0.3763,UNKNOWN,False,False,0.3355
SAGAR(DISTRICT COLLECTOR SAGAR_IDA),Madhya Pradesh,96939567.0,83,MAHALAXMI INDUSTRIES,0.2704,0.1086,UNKNOWN,False,True,0.3354
CHITTORGARH(DISTRICT COLLECTOR CHITTORGARH_IDA),Rajasthan,4590661.0,30,KRISHNA BRICKS,0.2143,0.1415,UNKNOWN,False,True,0.335
PEDDAPALLI(District Collector Peddapally_IDA),Telangana,4560486.0,9,T RAJALINGAIAH,0.219,0.1325,UNKNOWN,False,True,0.3319
DEORIA(DISTRICT MAGISTRATE DEORIA),Uttar Pradesh,110578866.0,41,MS AMAR MANI TRIPATHI,0.2673,0.1028,UNKNOWN,False,True,0.3316
Nirmal(DISTRICT COLLECTOR NIRMAL_3),Telangana,9804299.0,22,MATEGAMA VINOD REDDY,0.267,0.1022,UNKNOWN,False,True,0.3312
Mayiladuthurai(District Collector Mayiladuthurai_IDA),Tamil Nadu,23452997.0,14,SRI SAI ENTERPRISES,0.2473,0.1136,PRIVATE_ENTITY,False,True,0.331
Alluri Sitharama Raju(DISTRICT COLLECTOR ALLURI SITHARAMARAJU_IDA),Andhra Pradesh,62455874.0,17,SRI SAI LAKSHMI CONSTRUCTIONS,0.2285,0.124,PRIVATE_ENTITY,False,True,0.3306
DINDORI(District Collector Dindori_IDA),Madhya Pradesh,9854282.0,17,MP STATE AGRO,0.2436,0.1142,UNKNOWN,False,True,0.3302
CHENGALPATTU(District Collector Chengalpattu_IDA),Tamil Nadu,71823235.0,31,T S SOLAR POWER SYSTEM,0.261,0.103,UNKNOWN,False,True,0.3298
Balotra(DISTRICT COLLECTOR Balotra_IDA),Rajasthan,26007250.0,40,JASNATH COMPUTER SALE AND SERVICE,0.2532,0.1074,UNKNOWN,False,True,0.3297
Visakhapatnam(DISTRICT COLLECTOR VISAKHAPATNAM_IDA),Andhra Pradesh,14360011.0,11,SHAIK SARDAR,0.2227,0.1252,UNKNOWN,False,True,0.3294
BENGALURU RURAL(DEPUTY COMMISSIONER BANGALORE RURAL SBM URBAN),Karnataka,20244131.0,12,NIRMITHI KENDRA BANGALORE RURAL DISTRICT,0.6962,0.4976,GOVERNMENT_ENTITY,True,True,0.3288
KUPWARA(Deputy Commissioner Kupwara_IDA),Jammu And Kashmir,17653235.0,22,MADIHA TRADERS,0.2023,0.136,UNKNOWN,False,True,0.3287
KHAGARIA(DISTRICT PLANNING OFFICER KHAGARIA_IDA),Bihar,52911999.0,10,ASSISTANT ENGINEER KHAGARIA,0.2226,0.123,UNKNOWN,False,True,0.3283
SRINAGAR(DEPUTY COMMISSIONER SRINAGAR_IDA),Jammu And Kashmir,10255284.0,26,ALYAS AHMAD MIR,0.2611,0.0997,UNKNOWN,False,True,0.3282
AMRITSAR(DEPUTY COMMISSIONER AMRITSAR_IDA),Punjab,69819872.0,126,THE CHAWINDA COOPRATIVE LABOUR AND CONSTRUCTION SOCIETY,0.2513,0.1054,PRIVATE_ENTITY,False,True,0.3281
PILIBHIT(DISTRICT MAGISTRAE PILIBHIT_IDA),Uttar Pradesh,34164452.0,10,INDRA JEET VERMA,0.2101,0.1301,UNKNOWN,False,True,0.3281
Kekri(DISTRICT COLLECTOR Kekri_IDA),Rajasthan,6404450.0,95,SREE BALAJI CONSTRUCTION,0.2132,0.128,PRIVATE_ENTITY,False,True,0.328
MUMBAI(DISTRICT COLLECTOR MUMBAI CITY_IDA),Maharashtra,36652079.0,10,PRITI INFRATECH,0.2136,0.1275,PRIVATE_ENTITY,False,True,0.3278
JHALAWAR(DISTRICT COLLECTOR JHALAWAR_IDA),Rajasthan,1974512.0,19,JORAWAR SINGH AND SONS,0.443,0.3874,UNKNOWN,False,False,0.3266
KANNUR(DISTRICT COLLECTOR KANNUR_IDA),Kerala,42943092.0,42,TATA MOTORS,0.2206,0.1202,UNKNOWN,False,True,0.3263
TENKASI(DISTRICT COLLECTOR TENKASI_IDA),Tamil Nadu,89134663.0,18,R R BUILDERS,0.2232,0.1176,PRIVATE_ENTITY,False,True,0.3257
LONGDING(Deputy Commisioner Longding_IDA),Arunachal Pradesh,6500000.0,9,MATPHO KOLONG,0.2,0.1315,UNKNOWN,False,True,0.3257
BANKURA(DISTRICT MAGISTRATE BANKURA_IDA),West Bengal,96625370.0,23,GOPAL CHANDRA CHOWDHURY,0.2418,0.1059,UNKNOWN,False,True,0.3255
SOLAN(DEPUTY COMMISSIONER SOLAN_IDA),Himachal Pradesh,21190000.0,10,BDO PATTA MPLAD LS,0.1935,0.1345,UNKNOWN,False,True,0.3253
HAVERI(DEPUTY COMMISSIONER HAVERI_IDA),Karnataka,48012756.0,22,BOMMAI ZILLA NIRMITHI KENDRA,0.692,0.4857,GOVERNMENT_ENTITY,True,True,0.3252
ADILABAD(DISTRICT COLLECTOR ADILABAD_IDA),Telangana,17398175.0,22,SK SHUTTERS AND FABRICATORS,0.2527,0.0982,UNKNOWN,False,True,0.3249
KULLU(DEPUTY COMMISSIONER KULLU_IDA),Himachal Pradesh,8138740.0,15,KHUSHAL CHAND,0.2335,0.1092,UNKNOWN,False,True,0.3247
Paschim Medinipur(DISTRICT MAGISTRATE PASCHIM MEDINIPUR_IDA),West Bengal,168194657.0,33,DUTTA ENTERPRISE,0.2407,0.1038,UNKNOWN,False,True,0.3241
NAGAPATTINAM(DISTRICT COLLECTOR NAGAPATTINAM_4),Tamil Nadu,17566486.0,14,AAKASH CONSTRUCTION,0.2277,0.1113,PRIVATE_ENTITY,False,True,0.324
PALAKKAD(DISTRICT COLLECTOR PALAKKAD_IDA),Kerala,69533484.0,50,VISION ELECTRICALS AND ELECTRONICS,0.2473,0.0991,UNKNOWN,False,True,0.3237
KAPURTHALA(DEPUTY COMMISSIONER KAPURTHALA_IDA),Punjab,4505503.0,23,SU SOLARTECH SYSTEMS PVT LTD,0.2116,0.1201,PRIVATE_ENTITY,False,True,0.3235
ROHTAK(DEPUTY COMMISSIONER ROHTAK_IDA),Haryana,30670009.0,46,JOGINDER GOVT CONTRACTOR,0.2593,0.0912,UNKNOWN,False,True,0.3234
WEST KHASI HILLS(DEPUTY COMMISSIONER WEST KHASI HILLS NONGSTOIN_IDA),Meghalaya,4650000.0,12,JOSEPHINE SANGRIANG,0.2151,0.1174,UNKNOWN,False,True,0.3232
GOLAGHAT(Deputy Commissioner Golaghat_IDA),Assam,11514174.0,17,WE R,0.2374,0.1012,UNKNOWN,False,True,0.3218
NALBARI(DEPUTY COMMISSIONER NALBARI_IDA),Assam,10007447.0,18,AXOM AUTOMOBILES PVT LTD,0.1999,0.1226,PRIVATE_ENTITY,False,True,0.3213
WASHIM(DISTRICT COLLECTOR WASHIM_IDA),Maharashtra,4019567.0,4,VAIBHAV PRADIP JADHAV,0.4942,0.3456,UNKNOWN,False,False,0.3211
ALAPPUZHA(DISTRICT COLLECTOR ALAPPUZHA_IDA),Kerala,53159587.0,31,MULTILINE VENTURES,0.2203,0.108,UNKNOWN,False,True,0.3201
SURGUJA(Collector Surguja_IDA),Chhattisgarh,27539985.0,29,SANWARIYA BOREWELLS,0.2069,0.1158,UNKNOWN,False,True,0.32
DHEMAJI(DEPUTY COMMISSIONER DHEMAJI_IDA),Assam,38695205.0,25,UJJAL SAIKIA,0.235,0.0984,UNKNOWN,False,True,0.3197
SINDHUDURG(DISTRICT COLLECTOR SINDHUDURG_IDA),Maharashtra,15283207.0,14,MANOJ MADHUKAR WAINGANKAR,0.2308,0.1006,UNKNOWN,False,True,0.3195
NARMADAPURAM(DISTRICT COLLECTOR NARMADAPURAM_IDA),Madhya Pradesh,18726993.0,84,PUNYASHILA AUTOMOBILES,0.264,0.08,UNKNOWN,False,True,0.3192
SAMASTIPUR(DISTRICT PLANNING OFFICER SAMASTIPUR_IDA),Bihar,60719741.0,36,DARVESHWAR NATH CONSTRUCTION,0.2528,0.0866,PRIVATE_ENTITY,False,True,0.3191
CHANDAULI(DISTRICT MAGISTRATE CHANDAULI_IDA),Uttar Pradesh,91147544.0,17,BIHARI JI MAHADEV ASSOCIATES,0.2115,0.1108,PRIVATE_ENTITY,False,True,0.3189
NANDED(DISTRICT COLLECTOR NANDED_IDA),Maharashtra,79846182.0,61,SAIBABA STONE CRUSHER AND CONSTRUCTION,0.2588,0.0812,PRIVATE_ENTITY,False,True,0.3182
Beawar(DISTRICT COLLECTOR Beawar_IDA),Rajasthan,6020108.0,8,PURANMAL AND COMPANY,0.1661,0.1365,UNKNOWN,False,True,0.3181
AMBEDKAR NAGAR(DISTRICT MAGISTRATE AMBEDKAR NAGAR_IDA),Uttar Pradesh,67689959.0,39,MS SAKET TRADERS,0.2354,0.0945,UNKNOWN,False,True,0.3179
SOUTH(COMMISSIONER SOUTH),Delhi,43397038.0,27,GREENZ,0.2335,0.0957,UNKNOWN,False,True,0.3179
Ahmedabad(DISTRICT COLLECTOR AHMADABAD_IDA),Gujarat,68019732.0,66,LABMEDICA SYSTEMS PVT LTD,0.2352,0.0944,PRIVATE_ENTITY,False,True,0.3177
NAGPUR(DISTRICT COLLECTOR NAGPUR_IDA),Maharashtra,51699651.0,30,SPECTRUM SERVICES,0.2445,0.0877,UNKNOWN,False,True,0.3172
Sanchor(DISTRICT COLLECTOR Sanchor_IDA),Rajasthan,7093430.0,56,JAI SHIV SHAKTI CONSTRUCTION COMPANY,0.1826,0.121,PRIVATE_ENTITY,False,True,0.3153
Hnahthial(Deputy Commissioner Hnahthial_IDA),Mizoram,2000000.0,4,YMA SUB HEADQUARTERS HNAHTHIAL,0.49,0.3364,UNKNOWN,False,False,0.3152
KRISHNA(DISTRICT COLLECTOR KRISHNA_IDA),Andhra Pradesh,14120726.0,11,SAI BROTHERS AND CO,0.1757,0.1247,UNKNOWN,False,True,0.315
MADHUBANI(DISTRICT PLANNING OFFICER MADHUBANI_IDA),Bihar,142702160.0,17,VIGYAN UPKARAN KENDRA,0.2027,0.1082,UNKNOWN,False,True,0.3149
AURAIYA(DISTRICT MAGISTRATE AURAIYA_IDA),Uttar Pradesh,59353503.0,15,BAKE BIHARI TRADERS,0.1858,0.1175,UNKNOWN,False,True,0.3145
DIBRUGARH(DEPUTY COMMISSIONER DIBRUGARH_IDA),Assam,9953643.0,13,MS ASHOK ENTERPRISE,0.2009,0.1072,UNKNOWN,False,True,0.3139
MALAPPURAM(DISTRICT COLLECTOR MALAPPURAM_IDA),Kerala,65794187.0,75,SML ISUZU LTD,0.2335,0.0875,PRIVATE_ENTITY,False,True,0.3138
SAKTI(COLLECTOR SAKTI_IDA),Chhattisgarh,64981017.0,42,ABHISHEK ENTERPRISES,0.2374,0.0852,PRIVATE_ENTITY,False,True,0.3138
SEHORE(DISTRICT COLLECTOR SEHORE_IDA),Madhya Pradesh,18918274.0,27,MP STATE CO OPERATIVE MARKETING FEDERATION LTD SEHORE,0.2367,0.0853,PRIVATE_ENTITY,False,True,0.3137
ALWAR(DISTRICT COLLECTOR ALWAR_IDA),Rajasthan,70340930.1,178,SHARMA CONTRACTOR,0.2442,0.0783,UNKNOWN,False,True,0.3124
SUKMA(Collector Sukma_IDA),Chhattisgarh,9173028.0,14,GP DONDHARA,0.2033,0.1016,UNKNOWN,False,True,0.3118
SURAT(DISTRICT COLLECTOR SURAT_IDA),Gujarat,67501154.0,71,INTELIN NETSOL,0.2377,0.0791,UNKNOWN,False,True,0.3108
Ariyalur(District Collector Ariyalur_IDA),Tamil Nadu,30115012.0,11,DIAMOND ENTERPRISES,0.166,0.1221,PRIVATE_ENTITY,False,True,0.3108
PAPUM PARE(DEPUTY COMMISSIONER PAPUM PARE_IDA),Arunachal Pradesh,20422805.0,29,A S ENTERPRISES,0.2203,0.0887,PRIVATE_ENTITY,False,True,0.3105
ASHOKNAGAR(DISTRICT COLLECTOR ASHOKNAGAR_IDA),Madhya Pradesh,23236779.0,18,DHS SEPARATE BANK ACCOUT ASHOK NAGAR,0.2152,0.0916,UNKNOWN,False,True,0.3104
South East(COMMISSIONER MCD SOUTH EAST_IDA),Delhi,4143453.0,4,A P R ENTERPRISES,0.482,0.3304,PRIVATE_ENTITY,False,False,0.3098
DIMAPUR(DEPUTY COMMISSIONER DIMAPUR_IDA),Nagaland,10700000.0,4,ALEMWABANG JAMIR,0.4206,0.3668,UNKNOWN,False,False,0.3095
CACHAR(DEPUTY COMMISSIONER CACHAR_IDA),Assam,5511762.0,12,MS NORTH EAST INFORMATION TECHNOLOGY,0.1745,0.1125,UNKNOWN,False,True,0.3086
PARBHANI(DISTRICT COLLECTOR PARBHANI_IDA),Maharashtra,27253052.0,23,PRUTHIVRAJ PRAMOD BHAMBLE PRO PRUTHIVIRAJ BHAMBLE,0.2201,0.0849,UNKNOWN,False,True,0.3085
JHANSI(DISTRICT MAGISTRAE JHANSI_IDA),Uttar Pradesh,40610215.0,15,GOVIND DAS ARYA,0.1705,0.114,UNKNOWN,False,True,0.3081
HISAR(DEPUTY COMMISSIONER HISSAR_IDA),Haryana,66947030.0,50,XEN CITY DHBVN BHIWANI,0.2076,0.0897,UNKNOWN,False,True,0.3071
SIDDIPET(District Collector Siddipet_IDA),Telangana,37997116.0,35,AHMED RAZA,0.2227,0.0792,UNKNOWN,False,True,0.3064
VELLORE(DISTRICT COLLECTOR VELLORE_IDA),Tamil Nadu,24300603.0,13,VINAYAGAM ENTERPRISES,0.181,0.1039,PRIVATE_ENTITY,False,True,0.3063
MAINPURI(DISTRICT MAGISTRATE MAINPURI_IDA),Uttar Pradesh,65816225.0,18,MANI CONSTRUCTION,0.1897,0.0974,PRIVATE_ENTITY,False,True,0.3056
SRIKAKULAM(District Collector Srikakulam_IDA),Andhra Pradesh,57627727.0,35,SUDIKSA INFRA PROJECTS,0.2137,0.0821,PRIVATE_ENTITY,False,True,0.3051
Dr. B.R. Ambedkar Konaseema(DISTRICT COLLECTOR Dr B R AMBEDKAR KONASEEMA_IDA),Andhra Pradesh,54768857.0,26,SRI SAI SAMHITA CONSTRUCTIONS,0.2116,0.0828,PRIVATE_ENTITY,False,True,0.3049
THIRUVARUR(DISTRICT COLLECTOR THIRUVARUR_IDA),Tamil Nadu,40518768.0,28,DAWOOD ENTERPRISES,0.1964,0.0917,PRIVATE_ENTITY,False,True,0.3048
NAGAON(DEPUTY COMMISSIONER NOWGONG_IDA),Assam,36763934.0,26,MIR ROUJUDDIN AHMED,0.179,0.101,UNKNOWN,False,True,0.3042
RAMANATHAPURAM(DISTRICT COLLECTOR RAMANATHAPURAM_IDA),Tamil Nadu,28727200.0,21,MURUGAN TRADERS,0.1915,0.0926,UNKNOWN,False,True,0.3037
VIDISHA(District Collector Vidisha_IDA),Madhya Pradesh,33435789.0,48,MP STATE AGRO VIDISHA,0.2284,0.0698,UNKNOWN,False,True,0.3034
ROHTAS(District Planning Officer Rohtas_IDA),Bihar,79067025.0,15,ASSISTANT ENGINEER CHENARI,0.1766,0.0999,UNKNOWN,False,True,0.3029
"LUNGLEI(Deputy Commissioner, Lunglei)",Mizoram,8000000.0,17,C VANLALZAMA,0.1875,0.0922,UNKNOWN,False,True,0.3023
PATAN(DISTRICT COLLECTOR PATAN_IDA),Gujarat,38460314.0,78,YUG ENTERPRISE,0.2335,0.0641,UNKNOWN,False,True,0.3021
WARDHA(DISTRICT COLLECTOR WARDHA_IDA),Maharashtra,31871374.0,14,PRESIDENT PRAGATI MAJOOR SAHAKARI SANSTHA LTD,0.176,0.0984,PRIVATE_ENTITY,False,True,0.302
KOKRAJHAR(DEPUTY COMMISSIONER KOKRAJHAR_IDA),Assam,26751728.0,13,DERHASAD BASUMATARY,0.171,0.1013,UNKNOWN,False,True,0.302
SAHARANPUR(DISTRICT MAGISTRAE SAHARANPUR_IDA),Uttar Pradesh,100181019.0,15,M S TRADERS,0.1662,0.1042,UNKNOWN,False,True,0.3019
Sri Sathya Sai(DISTRICT COLLECTOR SRI SATHYA SAI_IDA),Andhra Pradesh,44121172.0,21,N BALAKRISHNA,0.1805,0.095,UNKNOWN,False,True,0.3016
BIJNOR(DISTRICT MAGISTRATE BIJNOR_IDA),Uttar Pradesh,142562354.0,16,MAKSUD AHMAD CONTRACTOR,0.1744,0.0981,UNKNOWN,False,True,0.3014
Gangtok(DISTRICT COLLECTOR EAST DISTRICT_IDA),Sikkim,46656533.0,16,SHIV SHAKTI FURNITURE,0.1715,0.1,UNKNOWN,False,True,0.3014
KARUR(DISTRICT COLLECTOR KARUR_IDA),Tamil Nadu,36084538.0,20,P S STALIN,0.176,0.0969,UNKNOWN,False,True,0.3013
BHIWANI(DC Cum Nodal Officer MPLADS Bhiwani),Haryana,35748570.0,49,BIMLA AUTOMOBILES,0.2126,0.0747,UNKNOWN,False,True,0.3011
Bengaluru South(DEPUTY COMMISSIONER RAMANAGARA_IDA),Karnataka,46419119.0,24,PROJECT MANAGER NIRMITHI KENDRA RAMANAGARA,0.6382,0.4194,GOVERNMENT_ENTITY,True,True,0.3006
BEED(DISTRICT COLLECTOR BEED_IDA),Maharashtra,37977152.0,19,HOSABAI MAHILA MAJOOR SAHAKARI SANSTHA LIMITED SARNI AA,0.1812,0.0917,PRIVATE_ENTITY,False,True,0.3002
Manendragarh-Chirmiri-Bharatpur(M C B)(Collector MCB_IDA),Chhattisgarh,6738803.0,18,GRAM PANCHAYAT BHUKBHUKI,0.1928,0.0829,UNKNOWN,False,True,0.2993
PULWAMA(Deputy Commissioner  Pulwama_IDA),Jammu And Kashmir,7837339.0,17,FAYAZ AHMAD DAR,0.1794,0.0905,UNKNOWN,False,True,0.2991
GANJAM(DISTRICT COLLECTOR GANJAM_IDA),Odisha,13718448.0,26,SHYAMALENDU PANDA,0.2013,0.076,UNKNOWN,False,True,0.2984
GHAZIABAD(DISTRICT MAGISTRAE GHAZIABAD_IDA),Uttar Pradesh,36363925.0,20,N G CONSTRUCTIONS,0.1635,0.0985,PRIVATE_ENTITY,False,True,0.2983
SHIVPURI(District Collector Shivpuri_IDA),Madhya Pradesh,28460372.0,39,CMO SHIVPURI,0.2055,0.0732,UNKNOWN,False,True,0.2983
THANE(DISTRICT COLLECTOR THANE_IDA),Maharashtra,58677375.0,34,HINDUSTAN ENTERPRISES,0.1941,0.0795,PRIVATE_ENTITY,False,True,0.298
SHEOPUR(District Collector Sheopur_IDA),Madhya Pradesh,20040158.0,25,THE MP STATE AGRO IND DEV CORP LTD SHEOPUR,0.2069,0.0715,PRIVATE_ENTITY,False,True,0.2978
KARIMNAGAR(DISTRICT COLLECTOR KARIMNAGAR_IDA),Telangana,39456320.0,35,M S SRI MAHASHAKTHI ENTERPRISES,0.1995,0.0742,PRIVATE_ENTITY,False,True,0.2969
HANUMAKONDA(DISTRICT COLLECTOR HANUMAKONDA_IDA),Telangana,17172631.0,19,AHMED RAZA,0.1767,0.0879,UNKNOWN,False,True,0.2969
Vijayanagara(DEPUTY COMMISSIONER VIJAYANAGARA_IDA),Karnataka,8930481.0,5,VIJAYANAGARA NIRMITHI KENDRA,0.6131,0.4198,GOVERNMENT_ENTITY,True,True,0.2969
CHARAIDEO(Deputy Commissioner Charaideo_IDA),Assam,10196495.0,25,MUNIN CHABUKDHORA,0.175,0.0856,UNKNOWN,False,True,0.2953
SITAPUR(DISTRICT MAGISTRATE SITAPUR_IDA),Uttar Pradesh,210449504.0,40,SHRI GURU KRIPA NARSINGH ASSOCIATES,0.1678,0.0892,PRIVATE_ENTITY,False,True,0.2949
VARANASI(DISTRICT MAGISTRAE VARANASI_IDA),Uttar Pradesh,124407988.0,98,AARADHYA ENTERPRISES,0.217,0.0585,PRIVATE_ENTITY,False,True,0.2944
CHANDRAPUR(DISTRICT COLLECTOR CHANDRAPUR_IDA),Maharashtra,20505333.0,15,NUTAN KAMGAR SAHAKARI SANSTHA,0.168,0.0878,UNKNOWN,False,True,0.2943
Baleshwar(DISTRICT COLLECTOR BALESHWAR_IDA),Odisha,11696994.0,18,AMIYA KU DAS,0.171,0.0857,UNKNOWN,False,True,0.2942
KOTTAYAM(DISTRICT COLLECTOR KOTTAYAM_IDA),Kerala,55338473.0,61,TATA MOTORS,0.202,0.0659,UNKNOWN,False,True,0.2936
BIJAPUR(Collector Bijapur_IDA),Chhattisgarh,14580934.5,15,GRAM PANCHAYAT HALLOOR,0.1547,0.0937,UNKNOWN,False,True,0.2933
DHUBRI(DEPUTY COMMISSIONER DHUBRI_IDA),Assam,22871335.0,35,BIMAL AUTO AGENCY,0.1968,0.0677,UNKNOWN,False,True,0.2929
Balrampur-Ramanujganj(District Collector BALRAMPUR_IDA),Chhattisgarh,16005915.0,20,GRAM PANCHAYAT SEMRA,0.1694,0.0831,UNKNOWN,False,True,0.2924
Puducherry(PROJECT DIRECTOR RDA PUDUCHERRY_IDA),Puducherry,33557935.0,21,SHINOJ T A,0.1696,0.0802,UNKNOWN,False,True,0.291
GONDIA(DISTRICT COLLECTOR GONDIA_IDA),Maharashtra,11021952.0,14,AMEY SUBHASH NINAWE,0.1625,0.0837,UNKNOWN,False,True,0.2906
SRI MUKTSAR SAHIB(DEPUTY COMMISSIONER SRI MUKTSAR SAHIB_IDA),Punjab,31000926.0,72,THE GILL SEHKARI KIRAT TE USSARI SABHA LTD,0.1769,0.0747,PRIVATE_ENTITY,False,True,0.2904
VAISHALI(DISTRICT PLANNING OFFICER VAISHALI_IDA),Bihar,53484547.0,29,DHARMVIR KUMAR,0.1838,0.0699,UNKNOWN,False,True,0.2901
Neem Ka Thana(DISTRICT COLLECTOR Neem Ka Thana_IDA),Rajasthan,8392857.0,75,SHRI DEV CONSTRUCTION COMPANY,0.1703,0.0768,PRIVATE_ENTITY,False,True,0.2895
Malda(DISTRICT MAGISTRATE MALDA_IDA),West Bengal,14570194.0,20,VENTURE SPECTACULAR,0.1537,0.0844,UNKNOWN,False,True,0.2883
JANJGIR-CHAMPA(DISTRICT COLLECTOR JANJGIR CHAMPA_IDA),Chhattisgarh,25911788.0,24,MUKESH KUMAR BANJARE,0.1736,0.0723,UNKNOWN,False,True,0.2882
TINSUKIA(DC Tinsukia),Assam,20270178.0,18,SHAILENDRA SINGH,0.148,0.0876,UNKNOWN,False,True,0.2882
Nandyal(DISTRICT COLLECTOR NANDYAL_IDA),Andhra Pradesh,46767276.0,29,JAGADEESWARA REDDY DEKIREDDY,0.1803,0.068,UNKNOWN,False,True,0.2881
MOGA(Deputy Commissioner Moga),Punjab,37158201.0,101,PARAMOUNT EQUIPMENTS,0.183,0.0664,UNKNOWN,False,True,0.2881
TIRUNELVELI(DISTRICT COLLECTOR TIRUNELVELI_IDA),Tamil Nadu,51212730.0,26,SAI IT SYSTEMS,0.1723,0.0722,UNKNOWN,False,True,0.2878
UDALGURI(DEPUTY COMMISSIONER Udalguri_IDA),Assam,22844442.0,32,FIROSE KHAKHLARI,0.1738,0.0713,UNKNOWN,False,True,0.2878
AMBALA(DEPUTY COMMISSIONER AMBALA_IDA),Haryana,12805049.0,27,T A S C GROUP CO OP L AND C SOCIETY TOBA,0.1567,0.0809,UNKNOWN,False,True,0.2875
Bapatla(DISTRICT COLLECTOR BAPATLA_IDA),Andhra Pradesh,18515817.0,18,SEETHA REMI REDDY,0.1579,0.0798,UNKNOWN,False,True,0.2873
SAMBA(Deputy Commissioner Samba_IDA),Jammu And Kashmir,3367500.0,13,GARDHARI LAL,0.1412,0.0899,UNKNOWN,False,True,0.2873
UNA(DEPUTY COMMISSIOENR UNA_IDA),Himachal Pradesh,3215369.0,30,TARUN THAKUR,0.155,0.0814,UNKNOWN,False,True,0.2872
MAMIT(DEPUTY COMMISSIONER MAMIT),Mizoram,18180000.0,18,VC PHULDUNGSEI ZAMPUI,0.1507,0.0836,UNKNOWN,False,True,0.287
BARMER(DISTRICT COLLECTOR BARMER_IDA),Rajasthan,34920093.0,31,JASNATH COMPUTER SALE AND SERVICE,0.1734,0.0697,UNKNOWN,False,True,0.2869
S.A.S Nagar(DEPUTY COMMISSIONER SAHIBZADA AJIT SINGH NAGAR MOHALI_IDA),Punjab,29086812.0,102,RS INDUSTRIES,0.1796,0.0653,UNKNOWN,False,True,0.2865
GUNTUR(DISTRICT COLLECTOR GUNTUR_IDA),Andhra Pradesh,42289167.0,32,MAHAMMAD ABDUL RAHIM,0.1589,0.0758,UNKNOWN,False,True,0.2856
BIRBHUM(DISTRICT MAGISTRATE BIRBHUM_IDA),West Bengal,204536634.6,107,BIDYUT BHANDARI,0.1814,0.0621,UNKNOWN,False,True,0.2855
MEDCHAL MALKAJGIRI(DISTRICT COLLECTOR MEDCHAL MALKAJGIRI_IDA),Telangana,31981545.0,22,SPR INFRA,0.1434,0.0816,PRIVATE_ENTITY,False,True,0.2838
AZAMGARH(DISTRICT MAGISTRATE AZAMGARH_IDA),Uttar Pradesh,149202865.0,47,VARDHAN ASSOCIATES,0.1738,0.0621,PRIVATE_ENTITY,False,True,0.2832
KHAMMAM(DISTRICT COLLECTOR KHAMMAM_IDA),Telangana,17184945.0,24,ANUDEEP REDDY YARRAPU,0.1654,0.0668,UNKNOWN,False,True,0.283
KAMRUP(DEPUTY COMMISSIONER KAMRUP_IDA),Assam,5366747.0,14,DURGA ENTERPRISE,0.1338,0.0853,UNKNOWN,False,True,0.2828
VIZIANAGARAM(DISTRICT COLLECTOR VIZIANAGARAM_IDA),Andhra Pradesh,20123737.0,21,SVSST INFRASTRUCTURE,0.1381,0.0823,UNKNOWN,False,True,0.2826
NARMADA(DISTRICT COLLECTOR NARMADA_IDA),Gujarat,10233487.0,30,PARTH CONSTRUCTION,0.1737,0.0606,PRIVATE_ENTITY,False,True,0.2824
Kendrapada(DISTRICT COLLECTOR KENDRAPARA_IDA),Odisha,14563131.0,17,ABANI KUMAR MOHANTY,0.1523,0.0719,UNKNOWN,False,True,0.2817
DARJEELING(DISTRICT MAGISTRATE DARJEELING_IDA),West Bengal,29695798.0,38,SOUMITA ENTERPRISE,0.1795,0.0545,UNKNOWN,False,True,0.2811
MEERUT(DISTRICT MAGISTRATE MEERUT_IDA),Uttar Pradesh,81824733.0,26,ANUJ INTERLOCKING,0.1567,0.0681,UNKNOWN,False,True,0.281
PALGHAR(DISTRICT COLLECTOR PALGHAR_IDA),Maharashtra,15265953.0,13,KASHTKARI M K SAHA STY LTD,0.1306,0.0837,PRIVATE_ENTITY,False,True,0.281
SERCHHIP(Deputy Commissioner Serchhip),Mizoram,4640000.0,6,VCP FIELD VENG,0.4289,0.3041,UNKNOWN,False,False,0.2807
GUNA(District Collector Guna_IDA),Madhya Pradesh,9553124.0,14,SARPANCH SACHIV GRAM PANCHAYT BAJRANGARH,0.1047,0.0918,UNKNOWN,False,True,0.2773
DODA(Deputy Commissioner Doda_IDA),Jammu And Kashmir,4302200.0,16,VIJAY KUMAR,0.1269,0.0781,UNKNOWN,False,True,0.2771
THANJAVUR(DISTRICT COLLECTOR THANJAVUR_IDA),Tamil Nadu,87466931.0,50,GM CONSTRUCTIONS AND INFRA P,0.1681,0.053,PRIVATE_ENTITY,False,True,0.2769
KOZHIKODE(DISTRICT COLLECTOR KOZHIKODE_IDA),Kerala,22696129.0,29,ALLUMINA ELECTRONICS,0.1429,0.0682,UNKNOWN,False,True,0.2769
SIVASAGAR(Deputy Commissioner Sivsagar_IDA),Assam,6535775.0,24,REETUMONI SATOLA PHUKON,0.1306,0.0752,UNKNOWN,False,True,0.2768
Didwana-Kuchaman(DISTRICT COLLECTOR Didwana Kuchaman_IDA),Rajasthan,23812514.0,41,SHRI RAM CONTRACTOR AND SONS,0.155,0.0581,UNKNOWN,False,True,0.2756
SONIPAT(DEPUTY COMMISSIONER SONEPAT_IDA),Haryana,14188114.0,20,MAHADEV CONSTRUCTION CO,0.1385,0.0682,PRIVATE_ENTITY,False,True,0.2756
PURBI CHAMPARAN(DISTRICT PLANNING OFFICER MOTHIHARI EAST CHAMPARAN_IDA),Bihar,97017894.0,26,SHANTI DEVI,0.1362,0.0691,UNKNOWN,False,True,0.2754
THRISSUR(DISTRICT COLLECTOR THRISSUR_IDA),Kerala,43189007.0,30,TATA MOTORS,0.1426,0.0653,UNKNOWN,False,True,0.2754
PURI(DISTRICT COLLECTOR PURI_IDA),Odisha,35145533.0,50,SATENDRA KUMAR SINGH,0.1502,0.0607,UNKNOWN,False,True,0.2754
Deeg(DISTRICT COLLECTOR Deeg_IDA),Rajasthan,19827035.0,91,MANOJ KUMAR,0.1334,0.0709,UNKNOWN,False,True,0.2754
Kendujhar(DISTRICT COLLECTOR KEONJHAR_IDA),Odisha,24911360.0,75,JAYANTA KUMAR JENA,0.1659,0.0508,UNKNOWN,False,True,0.2751
KOTA(DISTRICT COLLECTOR KOTA_IDA),Rajasthan,23616621.0,53,MUNDRA AUTOMOBILES PRIVATE LIMITED,0.1465,0.0609,PRIVATE_ENTITY,False,True,0.2744
Pandhurna(District Collector Pandhurna_IDA),Madhya Pradesh,14788273.0,33,TELI SAMAJ SANGHTAN PANDURNA,0.1352,0.0649,UNKNOWN,False,True,0.273
THIRUVALLUR(DISTRICT COLLECTOR TIRUVALLUR_IDA),Tamil Nadu,112355183.0,65,L G ARASU,0.1661,0.0458,UNKNOWN,False,True,0.2728
DAUSA(DISTRICT COLLECTOR DAUSA_IDA),Rajasthan,18681491.0,45,MENKA YADAV,0.1367,0.0629,UNKNOWN,False,True,0.2725
RAJSAMAND(DISTRICT COLLECTOR RAJSAMAND_IDA),Rajasthan,34754604.0,143,ASHOK KUMAR YADAV,0.1417,0.0595,UNKNOWN,False,True,0.2723
UJJAIN(DISTRICT COLLECTOR UJJAIN_IDA),Madhya Pradesh,64869791.0,71,NATIONAL ENGINEERING WORKS,0.1598,0.048,UNKNOWN,False,True,0.272
Udham Singh Nagar(DISTRICT MAGISTRATE UDHAMSINGH NAGAR_IDA),Uttarakhand,18274912.0,26,MOHD ASSIF,0.1304,0.0637,UNKNOWN,False,True,0.271
VIKARABAD(DISTRICT COLLECTOR VIKARABAD_2),Telangana,32989248.0,51,GANGASARAM SRINIVAS REDDY,0.1408,0.0558,UNKNOWN,False,True,0.2702
Mahisagar(COLLECTOR MAHISAGAR_IDA),Gujarat,4094838.0,26,GAAM PANCHAYAT VARAMA,0.1343,0.0596,UNKNOWN,False,True,0.2701
PERAMBALUR(DISTRICT COLLECTOR PERAMBALUR_IDA),Tamil Nadu,33382687.0,22,P S RAJENDRAN PUDUVETTAGUDI,0.1214,0.0666,UNKNOWN,False,True,0.2697
KHORDHA(DISTRICT COLLECTOR KHORDHA_IDA),Odisha,32303960.0,40,SUBHASMITA SAHOO,0.1318,0.0601,UNKNOWN,False,True,0.2696
MAHABUBABAD(DISTRICT COLLECTOR MAHABUBABAD_IDA),Telangana,34661988.0,25,GANESH CONTRACT WORK,0.1242,0.0641,UNKNOWN,False,True,0.2693
YAVATMAL(DISTRICT COLLECTOR YAVATMAL_IDA),Maharashtra,29502061.0,26,SHRIYOG ELECTRICALS,0.1334,0.0585,UNKNOWN,False,True,0.2693
North 24 Parganas(DISTRICT MAGISTRATE NORTH TWENTY FOUR PARGANAS_IDA),West Bengal,151438768.0,64,MA ENTERPRISE,0.1399,0.0543,UNKNOWN,False,True,0.2691
RUPNAGAR(DEPUTY COMMISSIONER ROOPNAGAR_IDA),Punjab,33559618.0,107,RS INDUSTRIES,0.1445,0.0507,UNKNOWN,False,True,0.2687
ANAND(District Collector ANAND_IDA),Gujarat,58053147.0,152,AASTHA CONSTRUCTION,0.1698,0.0354,PRIVATE_ENTITY,False,True,0.2686
AYODHYA(DISTRICT MAGISTRAE FAIZABAD_IDA),Uttar Pradesh,113018741.0,30,MANOJ KUMAR SRIVASTAVA,0.1278,0.0587,UNKNOWN,False,True,0.2677
CHANDIGARH(DEPUTY COMMISSIONER ZILLA PARISHAD CHANDIGARH_IDA),Chandigarh,32605108.0,62,PRABH KIRPA ENTERPRISES,0.1328,0.0552,PRIVATE_ENTITY,False,True,0.2674
BIDAR(DEPUTY COMMISSIONER BIDAR_IDA),Karnataka,13720497.0,28,PRAKASH,0.1367,0.0525,UNKNOWN,False,True,0.2673
THENI(District Collector Theni_5),Tamil Nadu,28522135.0,18,SREE VINYAGA CONSTRUCTIONS,0.1075,0.0699,PRIVATE_ENTITY,False,True,0.2672
LAWNGTLAI(DSC Lawngtlai),Mizoram,1500000.0,3,H LIANTLUANGA,0.3333,0.3333,UNKNOWN,False,False,0.2667
AJMER(DISTRICT COLLECTOR AJMER_IDA),Rajasthan,35499015.0,361,JAI MATA RANI CONSTRUCTION,0.1441,0.0464,PRIVATE_ENTITY,False,True,0.2664
MAYURBHANJ(DISTRICT COLLECTOR MAYURBHANJ_IDA),Odisha,41595036.0,56,SANSKRUTI ASSOCIATES PVT LTD,0.1441,0.046,PRIVATE_ENTITY,False,True,0.2662
BUNDI(DISTRICT COLLECTOR BUNDI_IDA),Rajasthan,9507718.0,37,JVVNL INDERGARH,0.1099,0.0665,UNKNOWN,False,True,0.2662
CHENNAI(COMMISSIONER MUNCIPAL CORPORATION CHENNAI_IDA),Tamil Nadu,153869525.0,35,A AND A BUILDERS AND PROMOTERS,0.1279,0.0531,PRIVATE_ENTITY,False,True,0.2649
Kancheepuram(DISTRICT COLLECTOR KANCHEEPURAM_IDA),Tamil Nadu,101763293.0,36,E SEKAR,0.1218,0.0567,UNKNOWN,False,True,0.2649
Tirupati(DISTRICT COLLECTOR TIRUPATI_IDA),Andhra Pradesh,62420809.0,62,THALLAPAKA NAGARJUNA REDDY,0.1424,0.0443,UNKNOWN,False,True,0.2649
GARIYABAND(Collectro Gariaband_IDA),Chhattisgarh,13204675.0,30,SARPANCH SACHIV GRAM PANCHAYAT RANIPARTEWA,0.1363,0.0476,UNKNOWN,False,True,0.2647
PANCHKULA(DRDA PANCHKULA),Haryana,3953590.0,5,THE KHERI GULAM ALI COOP L AND C,0.391,0.294,UNKNOWN,False,False,0.2643
SEONI(District Collector Seoni_IDA),Madhya Pradesh,40030270.0,61,MP AGRO SEONI,0.1292,0.0509,UNKNOWN,False,True,0.2642
RAIGARH(DISTRICT COLLECTOR RAIGARH_IDA),Chhattisgarh,22339895.0,45,SACHIN KUMAR GARG,0.1359,0.0462,UNKNOWN,False,True,0.2639
Chhatrapati Sambhajinagar(DISTRICT COLLECTOR AURANGABAD_IDA),Maharashtra,71376366.0,35,SHRI JAGDAMBA CONSTRUCTION,0.1179,0.0554,PRIVATE_ENTITY,False,True,0.2631
SIVAGANGA(DISTRICT COLLECTOR SIVAGANGA_IDA),Tamil Nadu,76654681.0,60,M KARTHIKEYAN,0.1305,0.0477,UNKNOWN,False,True,0.263
KORAPUT(District Collector Koraput_IDA),Odisha,43796379.0,46,HELLUM LEARNING LAB PRIVATE LIMITED,0.1336,0.0446,PRIVATE_ENTITY,False,True,0.2624
JALANDHAR(DEPUTY COMMISSIONER JALANDHAR_IDA),Punjab,25876941.0,79,THE NEW PUNJAB COOPERATIVE L C SOCIETY LTD,0.1223,0.0509,PRIVATE_ENTITY,False,True,0.2622
NADIA(DISTRICT MAGISTRATE NADIA_IDA),West Bengal,105198947.0,45,PANKAJ SARKAR,0.1175,0.0534,UNKNOWN,False,True,0.262
HANUMANGARH(DISTRICT COLLECTOR HANUMANGARH_IDA),Rajasthan,13829426.0,124,SHRI HANUMAN CONSTRUCTION COMPANY,0.1086,0.0576,PRIVATE_ENTITY,False,True,0.2614
PUDUKKOTTAI(DISTRICT COLLECTOR PUDUKKOTTAI_IDA),Tamil Nadu,66593975.0,58,FPLUS ENTERPRISES,0.1404,0.0375,PRIVATE_ENTITY,False,True,0.2609
THE NILGIRIS(DISTRICT COLLECTOR NILGIRIS_IDA),Tamil Nadu,29738030.0,32,S ILANCHIZHIAN,0.1176,0.0489,UNKNOWN,False,True,0.2597
BHILWARA(DISTRICT COLLECTOR BHILWARA_IDA),Rajasthan,30345073.0,314,C S TECHNOLOGIES,0.1365,0.0352,UNKNOWN,False,True,0.2586
Balodabazar-Bhatapara(Collector Baloda Bazar_IDA),Chhattisgarh,25245724.0,27,GRAM PANCHAYAT GUDELIYA,0.1148,0.0482,UNKNOWN,False,True,0.2586
SHIVAMOGGA(DEPUTY COMMISSIONER SHIMOGA_IDA),Karnataka,64833464.0,10,NIRMITHI KENDRA SHIVAMOGGA,0.4867,0.3418,GOVERNMENT_ENTITY,False,True,0.2585
KAITHAL(DC CUM NODAL OFFICERS MPLADS),Haryana,17743726.0,33,THE SAIFALI CO OPERATIVE LABOUR AND CONSTRUCTION SOCIETY,0.1037,0.0541,PRIVATE_ENTITY,False,True,0.2582
JASHPUR(DISTRICT COLLECTOR JASHPUR_IDA),Chhattisgarh,36113016.0,29,TRILOCHAN RAM YADAV,0.1024,0.0544,UNKNOWN,False,True,0.2579
"SONITPUR(Deputy Commissioner Sonitpur, Tezpur)",Assam,24110225.0,34,UDIPTA KUMAR BORAH,0.1132,0.0478,UNKNOWN,False,True,0.2579
NABARANGPUR(DISTRICT COLLECTOR NABARANGPUR_IDA),Odisha,5534414.0,46,BINOD KUMAR MOHANTY,0.1119,0.0484,UNKNOWN,False,True,0.2578
Ahilyanagar(DISTRICT COLLECTOR AHMEDNAGAR_IDA),Maharashtra,43525645.0,32,SUNIL DATTATRAY KUDALE,0.1097,0.0488,UNKNOWN,False,True,0.2573
DURG(DISTRICT COLLECTOR DURG_IDA),Chhattisgarh,40245887.0,52,ARHAM CONSTRUCTION,0.1212,0.042,PRIVATE_ENTITY,False,True,0.2573
MUNGELI(Collector Mungeli_IDA),Chhattisgarh,18545915.0,35,SHRI KABIR CONSTRUCTION,0.1158,0.0451,PRIVATE_ENTITY,False,True,0.2573
KOLLAM(DISTRICT COLLECTOR KOLLAM_IDA),Kerala,95519630.0,70,SML ISUZU LTD,0.113,0.0466,PRIVATE_ENTITY,False,True,0.2572
TIKAMGARH(DISTRICT COLLECTOR TIKAMGARH_IDA),Madhya Pradesh,19400179.0,99,SHARMA ASSOCIATES,0.1302,0.0361,PRIVATE_ENTITY,False,True,0.2571
JAMMU(DEPUTY COMMISSIONER JAMMU_IDA),Jammu And Kashmir,24232924.0,43,ASHWANI KUMAR,0.1103,0.0478,UNKNOWN,False,True,0.257
KONDAGAON(DISTRICT COLLECTOR KONDAGAON_IDA),Chhattisgarh,10894193.0,23,GRAM PANCHAYAT KOPRA,0.0918,0.0585,UNKNOWN,False,True,0.2568
LAKHIMPUR(DEPUTY COMMISSIONER LAKHIMPUR_IDA),Assam,20229154.0,26,AGARWAL ENTERPRISE,0.0986,0.0543,UNKNOWN,False,True,0.2567
Thoothukkudi(DISTRICT COLLECTOR THOOTHUKUDI_IDA),Tamil Nadu,58344698.0,24,ANTONY SELVAN M,0.0984,0.053,UNKNOWN,False,True,0.256
ANUPPUR(DISTRICT COLLECTOR ANUPPUR_IDA),Madhya Pradesh,29781396.0,25,MS SANJAY KUMAR TIWARI,0.0986,0.0517,UNKNOWN,False,True,0.2554
PALI(DISTRICT COLLECTOR PALI_IDA),Rajasthan,11965681.0,112,OM CONSTRUCTION ROHAT,0.0919,0.0553,PRIVATE_ENTITY,False,True,0.2552
BANSWARA(DISTRICT COLLECTOR BANSWARA_IDA),Rajasthan,28599136.0,23,FOR NETALI PROJECTS PRIVATE LIMITED,0.0873,0.0561,PRIVATE_ENTITY,False,True,0.2543
DHARWAD(DEPUTY COMMISSIONER DHARWAR_IDA),Karnataka,15059751.0,28,MANJUNATH MALLAPPA KITTUR,0.105,0.0453,UNKNOWN,False,True,0.2541
RAIGAD(DISTRICT COLLECTOR RAIGAD_IDA),Maharashtra,66902347.0,37,RASHIKA RAMBHAU DHUMAL,0.0966,0.049,UNKNOWN,False,True,0.2535
YAMUNANAGAR(Deputy Commissioner YamunaNagar_IDA),Haryana,19419005.0,28,THE VTR COOP L AND C SOCIETY LTD,0.0949,0.0496,PRIVATE_ENTITY,False,True,0.2533
Jajpur(DISTRICT COLLECTOR JAJPUR_IDA),Odisha,9146086.0,26,GITASHREE BEHERA,0.0875,0.0538,UNKNOWN,False,True,0.2532
BENGALURU URBAN(DEPUTY COMMISSIONER BANGALORE URBAN_IDA),Karnataka,120459755.0,59,M CUBE INFRATECH PRIVATE LIMITED,0.1087,0.0405,PRIVATE_ENTITY,False,True,0.2528
JORHAT(DEPUTY COMMISSIONER JORHAT_IDA),Assam,17421596.0,34,MANAB JYOTI BORUAH,0.0963,0.0472,UNKNOWN,False,True,0.2525
JALNA(DISTRICT COLLECTOR JALNA_IDA),Maharashtra,33720047.0,25,TOTARAM BABA MSS LTD,0.0885,0.0517,PRIVATE_ENTITY,False,True,0.2524
CHITRADURGA(DEPUTY COMMISSIONER CHITRADURGA_IDA),Karnataka,36918370.0,26,PROJECT DIRECTOR NIRMITHI KENDRA CHITRADRGA,0.5248,0.2904,GOVERNMENT_ENTITY,False,True,0.2513
VIRUDHUNAGAR(DISTRICT COLLECTOR VIRUDHUNAGAR_IDA),Tamil Nadu,94637869.0,46,SUNDAR T,0.1034,0.0403,UNKNOWN,False,True,0.2511
HOWRAH(DISTRICT MAGISTRATE HOWRAH_IDA),West Bengal,130214543.0,95,PRAYAS,0.1116,0.0347,UNKNOWN,False,True,0.2509
JAIPUR(DISTRICT COLLECTOR JAIPUR_IDA),Rajasthan,39136154.0,47,NEW TODAWATA CONSTRUCTION,0.094,0.044,PRIVATE_ENTITY,False,True,0.2502
DEVBHUMI DWARKA(DISTRICT COLLECTOR DEVBHUMI DWARKA_IDA),Gujarat,9476709.0,20,HARSADPUR GRAM PANCHAYAT,0.0791,0.0529,UNKNOWN,False,True,0.2502
"Ranipet(District Collector, Ranipet_2)",Tamil Nadu,37037683.0,31,AVN CONSTRUCTIONS,0.0915,0.0453,PRIVATE_ENTITY,False,True,0.2501
PURBA BARDHAMAN(DISTRICT MAGISTRATE PURBA BARDHAMAN_IDA),West Bengal,59309664.0,49,ASIB ENTERPRISE,0.0971,0.0413,UNKNOWN,False,True,0.2498
RATLAM(District Collector Ratlam_IDA),Madhya Pradesh,35497791.0,56,SARASWATI SISHU SHIKSHA SAMITI RATLAM,0.1056,0.0363,UNKNOWN,False,True,0.2498
CHHATARPUR(District Collector Chhatarpur_IDA),Madhya Pradesh,36515878.0,87,MP STATE AGRO CHHATARPUR,0.1177,0.0288,UNKNOWN,False,True,0.2497
Shahpura(DISTRICT COLLECTOR Shahpura_IDA),Rajasthan,22229773.0,350,C S TECHNOLOGIES,0.1118,0.0323,UNKNOWN,False,True,0.2497
VIJAYAPURA(DEPUTY COMMISSIONER BIJAPUR_IDA),Karnataka,24527895.0,39,SUNIL SABAVVA SANDRIMANI,0.0956,0.0419,UNKNOWN,False,True,0.2496
KANGRA(DEPUTY COMMISSIONER KANGRA_IDA),Himachal Pradesh,71380937.0,112,PROJECT OFFICER HIMURJA KANGRA AT DHARAMSHALA,0.1062,0.0337,UNKNOWN,False,True,0.2487
NORTH GARO HILLS(DEPUTY COMMISSIONER NORTH GARO HILLS RESUBELPARA_IDA),Meghalaya,17550000.0,41,TOPSTAR MARAK,0.094,0.0378,UNKNOWN,False,True,0.2471
Baragada(DISTRICT COLLECTOR BARAGARH_IDA),Odisha,29463999.0,45,BISHOK PATEL,0.0978,0.0353,UNKNOWN,False,True,0.247
KATHUA(DISTRICT DEVELOPMENT COMMISSIONER KATHUA_IDA),Jammu And Kashmir,24306101.0,73,VIJAY LAXMI RIGS,0.1022,0.032,UNKNOWN,False,True,0.2467
KOLHAPUR(DISTRICT COLLECTOR KOLHAPUR_IDA),Maharashtra,35696592.0,28,KSHATRIYA CONSTRUCTIONS,0.0837,0.043,PRIVATE_ENTITY,False,True,0.2466
BARNALA(DEPUTY COMMISSIONER BARNALA_IDA),Punjab,33832694.0,113,TEJA SINGH AND SONS,0.0913,0.0382,UNKNOWN,False,True,0.2465
BHOPAL(DISTRICT COLLECTOR BHOPAL_IDA),Madhya Pradesh,54991703.0,37,MP STATE COOPERATIVE MARKETING FEDERATION LTD,0.0906,0.0385,PRIVATE_ENTITY,False,True,0.2464
JHUNJHUNU(DISTRICT COLLECTOR JHUNJHUNU_IDA),Rajasthan,50687348.0,264,SANGEET CONTRACTOR,0.1029,0.0309,UNKNOWN,False,True,0.2463
CHIRANG(Deputy Commissioner Chirang_IDA),Assam,34829243.0,26,JUGAMI ISWARY,0.0775,0.0459,UNKNOWN,False,True,0.2462
Sarangarh-Bilaigarh(Collector SB_IDA),Chhattisgarh,26491706.0,35,GRAM PANCHAYAT BHEDVAN,0.0866,0.0394,UNKNOWN,False,True,0.2457
Jagitial(DISTRICT COLLECTOR JAGTIAL_IDA),Telangana,54277576.0,96,G RAJA REDDY,0.1083,0.026,UNKNOWN,False,True,0.2455
MUMBAI SUBURBAN(DISTRICT COLLECTOR MUMBAI SUBURBAN_IDA),Maharashtra,183167404.0,64,SAMONA ENTERPRISES,0.1014,0.0297,PRIVATE_ENTITY,False,True,0.2453
COIMBATORE(DISTRICT COLLECTOR COIMBATORE_IDA),Tamil Nadu,77752379.0,42,R R THULASI BUILDERS INDIA PRIVATE LIMITED,0.0904,0.0364,PRIVATE_ENTITY,False,True,0.2453
BHARATPUR(DISTRICT COLLECTOR BHARATPUR_IDA),Rajasthan,21197305.0,276,GUDDI DEVI,0.0873,0.038,UNKNOWN,False,True,0.2452
TIRUVANNAMALAI(DISTRICT COLLECTOR TIRUVANNAMALAI_IDA),Tamil Nadu,138956179.0,104,T S SOLAR POWER SYSTEM,0.0993,0.0305,UNKNOWN,False,True,0.245
BILASPUR(DISTRICT COLLECTOR BILASPUR_IDA),Chhattisgarh,33986069.0,53,RAJKUMAR TIWARI,0.0933,0.0336,UNKNOWN,False,True,0.2448
Shahid Bhagat Singh Nagar(Deputy Commissioner Shahid Bhagat Singh Nagar_ida),Punjab,18860828.0,113,RS INDUSTRIES,0.0954,0.0316,UNKNOWN,False,True,0.2444
PUNE(DISTRICT COLLECTOR PUNE_IDA),Maharashtra,95269343.0,57,ASHUTOSH HANUMANT BALKAVADE,0.0941,0.0317,UNKNOWN,False,True,0.2441
TIRUCHIRAPPALLI(DISTRICT COLLECTOR TIRUCHIRAPPALLI_IDA),Tamil Nadu,85031596.0,48,C S R CONSTRUCTION,0.0827,0.0377,PRIVATE_ENTITY,False,True,0.2437
NIZAMABAD(DISTRICT COLLECTOR NIZAMABAD_IDA),Telangana,110513740.0,108,GUTHI SRINIVAS,0.0998,0.0263,UNKNOWN,False,True,0.2431
NAVSARI(DISTRICT COLLECTOR NAVSARI_IDA),Gujarat,71212116.0,135,SAMBHAV ENTERPRISE,0.1014,0.0253,UNKNOWN,False,True,0.2431
JIND(DEPUTY COMMISSIONER JIND),Haryana,28870233.0,87,MOR TRADERS,0.0953,0.0291,UNKNOWN,False,True,0.2431
JHAJJAR(DEPUTY COMMISSIONER cum NODAL OFFICER MPLADS JHAJJAR),Haryana,26467189.0,37,SHREE G TRADING,0.0755,0.0403,UNKNOWN,False,True,0.2428
JALORE(DISTRICT COLLECTOR JALORE_IDA),Rajasthan,34649718.0,239,CHAMUNDA CONSTRUCTION,0.0845,0.0347,PRIVATE_ENTITY,False,True,0.2427
AKOLA(DISTRICT COLLECTOR AKOLA_IDA),Maharashtra,53005200.0,44,NISHANT GULAB RATHOD,0.0886,0.0317,UNKNOWN,False,True,0.2424
LATUR(DISTRICT COLLECTOR LATUR_IDA),Maharashtra,29336009.0,30,VISHWASAMRAT MAGASUARGIYA MAJOOR SAHAKARI SANSTHA MARYADIT,0.0679,0.0405,UNKNOWN,False,True,0.2406
DINDIGUL(DISTRICT COLLECTOR DINDIGUL_IDA),Tamil Nadu,102787250.0,57,SRI GANAPATHI CONSTRUCTIONS,0.0874,0.0285,PRIVATE_ENTITY,False,True,0.2405
KOLKATA(COMMISSIONER KOLKATA MUNICIPAL CORPORATION_IDA),West Bengal,119619822.0,82,GOUTAM CONSTRUCTION,0.0836,0.0305,PRIVATE_ENTITY,False,True,0.2403
Kataka(DISTRICT COLLECTOR CUTTACK_IDA),Odisha,39216801.0,55,RABINDRA NATH SINGH,0.0768,0.0332,UNKNOWN,False,True,0.2396
SIKAR(DISTRICT COLLECTOR SIKAR_IDA),Rajasthan,35481415.0,201,DHAKA STONE COMAPNY,0.0888,0.0256,UNKNOWN,False,True,0.2395
KURUKSHETRA(DEPUTY COMMISSIONER KURUKSHETRA_IDA),Haryana,35633846.0,70,THE KAUSHIK CO OP L AND C SOCITY PABNAWA,0.0789,0.0305,UNKNOWN,False,True,0.2389
RAJNANDGAON(DISTRICT COLLECTOR RAJNANDGAON_IDA),Chhattisgarh,27203217.0,49,PRA INFRA PROJECTS,0.0735,0.0337,PRIVATE_ENTITY,False,True,0.2389
Dahod(DISTRICT COLLECTOR DOHAD_IDA),Gujarat,25876501.0,54,GRAM PANCHAYAT GAMDI PURV,0.0795,0.0299,UNKNOWN,False,True,0.2388
BHOJPUR(DISTRICT PLANNING OFFICER BHOJPUR ARRAH_IDA),Bihar,60280951.0,8,RANJIT SALES CORPORATION,0.4562,0.2812,GOVERNMENT_ENTITY,False,True,0.2387
Viluppuram(DISTRICT COLLECTOR VILLUPURAM_IDA),Tamil Nadu,116461000.0,52,SANKARAN,0.0742,0.0321,UNKNOWN,False,True,0.2383
RAJKOT(DISTRICT COLLECTOR RAJKOT_IDA),Gujarat,46265514.0,75,MSS MEDITECHNO,0.0865,0.0241,UNKNOWN,False,True,0.238
RAIPUR(DISTRICT COLLECTOR RAIPUR_IDA),Chhattisgarh,48184815.0,55,ZONE COMMISSIONER ZONE 02,0.0726,0.0306,UNKNOWN,False,True,0.2371
Y.S.R. Kadapa(DISTRICT COLLECTOR CUDDAPAH_IDA),Andhra Pradesh,46518485.0,57,KCR CONSTRUCTIONS KADAPA,0.0708,0.0311,PRIVATE_ENTITY,False,True,0.2368
PORBANDAR(DISTRICT COLLECTOR PORBANDAR_IDA),Gujarat,10206136.0,34,KUCHADI GRAM PANCHYAT,0.0679,0.033,UNKNOWN,False,True,0.2368
MADHEPURA(DISTRICT PLANNING OFFICER MADHEPURA_IDA),Bihar,4414271.0,4,BHUSHAN KUMAR SAROJ,0.3341,0.2724,UNKNOWN,False,False,0.2364
"PITHORAGARH(NRLM , pithoragarh)",Uttarakhand,1214069.0,5,UPCL PITHORAGARH,0.3828,0.2431,UNKNOWN,False,False,0.2364
LUDHIANA(DEPUTY COMMISSIONER LUDHIANA_IDA),Punjab,61360840.0,256,GARDEN GYM,0.0845,0.0216,UNKNOWN,False,True,0.2361
RI BHOI(DEPUTY COMMISSIONER RIBHOI NONGPOH_IDA),Meghalaya,20266000.0,66,RANI MOTORS,0.0789,0.0243,UNKNOWN,False,True,0.2358
CHITTOOR(DISTRICT COLLECTOR CHITTOOR_IDA),Andhra Pradesh,95673340.0,84,MR NARESH GANDHAMANENI,0.0725,0.0275,UNKNOWN,False,True,0.2355
MADURAI(DISTRICT COLLECTOR MADURAI_IDA),Tamil Nadu,97644254.0,66,N S CHELLAPANDIAN,0.0756,0.0253,UNKNOWN,False,True,0.2353
TIRUPPUR(DISTRICT COLLECTOR TIRUPPUR_IDA),Tamil Nadu,100640354.0,55,EAGGLE EYE INFRASTRUCTURES,0.0674,0.0299,UNKNOWN,False,True,0.2352
RAISEN(DISTRICT COLLECTOR RAISEN_IDA),Madhya Pradesh,21008000.0,59,GP BERUA JP SILWANI,0.0619,0.0333,UNKNOWN,False,True,0.2352
JAMNAGAR(DISTRICT COLLECTOR JAMNAGAR_IDA),Gujarat,16722197.0,35,UDYATI CONTRUCTION,0.0598,0.0345,UNKNOWN,False,True,0.2352
NAGAUR(DISTRICT COLLECTOR NAGAUR_IDA),Rajasthan,57939119.0,85,AEN O N M AVVNL,0.0725,0.026,UNKNOWN,False,True,0.2347
AIZAWL(DEPUTY COMMISSIONER AIZAWL_IDA),Mizoram,32329229.0,49,TUIKUAL SOUTH LOCAL COUNCIL,0.0617,0.0324,UNKNOWN,False,True,0.2347
SURENDRANAGAR(DISTRICT COLLECTOR SURENDRANAGAR_IDA),Gujarat,38210893.0,87,MSS MEDITECHNO,0.0783,0.0207,UNKNOWN,False,True,0.2339
NASHIK(DISTRICT COLLECTOR NASHIK_IDA),Maharashtra,86333321.0,60,NIKITA RATAN TAMBE,0.0669,0.0266,UNKNOWN,False,True,0.2334
Narsimhapur(DISTRICT COLLECTOR NARSINGHPUR_IDA),Madhya Pradesh,15562372.0,102,YASHVI TRADERS,0.0798,0.018,UNKNOWN,False,True,0.2329
DUNGARPUR(DISTRICT COLLECTOR DUNGARPUR_IDA),Rajasthan,50174427.0,52,PREM CONSTRUCTION KABJA,0.0587,0.0297,PRIVATE_ENTITY,False,True,0.2325
KACHCHH(DISTRICT COLLECTOR KUTCH_IDA),Gujarat,45452608.0,93,N K ENGINEERING,0.079,0.0174,UNKNOWN,False,True,0.2324
AMRAVATI(DISTRICT COLLECTOR AMRAVATI_IDA),Maharashtra,95370836.0,60,NAVNIT SUDHIRRAO TOLEY,0.0639,0.0258,UNKNOWN,False,True,0.2321
GURDASPUR(DEPUTY COMMISSIONER GURDASPUR_IDA),Punjab,49320236.0,161,NATIONAL CONSTRUCTION COMPANY,0.0734,0.0199,PRIVATE_ENTITY,False,True,0.232
GOALPARA(Deputy Commissioner Goalpara_IDA),Assam,46988963.0,69,CONSTRUCTION OF ROAD FROM NARAYAN KALITA HOUSE TO SABIN BORO HOUSE,0.0596,0.0283,PRIVATE_ENTITY,False,True,0.232
BEMETARA(Collector Bemetara_IDA),Chhattisgarh,18999216.0,36,GRAM PANCHAYAT PUTPURA,0.0526,0.032,UNKNOWN,False,True,0.2318
CHAMBA(DEPUTY COMMISSIONER CHAMBA_IDA),Himachal Pradesh,16096445.0,60,GP JUNAS,0.0589,0.0271,UNKNOWN,False,True,0.2312
CUDDALORE(DISTRICT COLLECTOR CUDDALORE_IDA),Tamil Nadu,100433699.0,67,SRI SAI ENTERPRISES,0.0622,0.0246,PRIVATE_ENTITY,False,True,0.2309
MAHESANA(DISTRICT COLLECTOR MAHESANA_IDA),Gujarat,67694836.0,209,YUG ENTERPRISE,0.0739,0.0171,UNKNOWN,False,True,0.2307
Annamayya(DISTRICT COLLECTOR ANNAMAYYA_IDA),Andhra Pradesh,35957813.0,55,ASSISTANT DIRECTOR WELFARE OF DIFFERENTLY ABLED TG SR CITIZENS YSR ANNAMAYYA DISTRICT,0.056,0.0273,UNKNOWN,False,True,0.2305
ARVALLI(DISTRICT COLLECTOR ARVALLI_IDA),Gujarat,23768570.0,56,BANTHIWADA GRAM PANCHAYAT,0.0631,0.023,UNKNOWN,False,True,0.2304
HOOGHLY(DISTRICT MAGISTRATE HOOGHLY_IDA),West Bengal,141678979.0,106,SN ENTERPRISE,0.0612,0.0236,UNKNOWN,False,True,0.2302
Jaipur Gramin(DISTRICT COLLECTOR Jaipur Gramin_IDA),Rajasthan,2671475.0,4,BHAGCHAND CONSTRUCTION COMPANY,0.3311,0.2613,PRIVATE_ENTITY,False,False,0.23
PANIPAT(DC CUM NODAL OFFICER MPLADS),Haryana,16619897.0,10,THE BANDH COOP LC SOC LTD BANDH,0.3691,0.2375,PRIVATE_ENTITY,False,False,0.2295
CHURU(DISTRICT COLLECTOR CHURU_IDA),Rajasthan,50766235.0,296,SHAHIR TRADING AND CONSTRUCTION COMPANY,0.0579,0.0238,PRIVATE_ENTITY,False,True,0.2293
DAMOH(DISTRICT COLLECTOR DAMOH_IDA),Madhya Pradesh,46696038.0,22,MP STATE AGRO INDUSTRIES DEVELOPMENT CORPORATION LTD DAMOH,0.4575,0.2413,GOVERNMENT_ENTITY,False,True,0.2289
MANSA(DEPUTY COMMISSIONER MANSA_IDA),Punjab,37108797.0,210,LUXMI IRON STORE,0.0667,0.0176,UNKNOWN,False,True,0.2288
Budgam(Deputy Commissioner  Budgam_IDA),Jammu And Kashmir,767923.0,4,EXECUTIVE ENGINEER R B BUDGAM,0.3896,0.2809,GOVERNMENT_ENTITY,False,True,0.2287
VADODARA(DISTRICT COLLECTOR VADODARA_IDA),Gujarat,94189206.0,144,NEELAM CONSTRUCTION,0.0631,0.0191,PRIVATE_ENTITY,False,True,0.2285
Gaurela-Pendra-Marwahi(Collector GPM_IDA),Chhattisgarh,22779752.0,68,SAR AND SAC GRAM PANCHAYAT GORAKHPUR,0.0524,0.0223,UNKNOWN,False,True,0.2269
BHARUCH(DISTRICT COLLECTOR BROACH_IDA),Gujarat,51700172.0,102,D R KUKADIA,0.0605,0.0168,UNKNOWN,False,True,0.2265
Mohla-Manpur-Ambagarh Chouki(Collector MMC_IDA),Chhattisgarh,6296488.0,9,JAHNAVI PRAKASHAN,0.397,0.214,UNKNOWN,False,False,0.2261
HOSHIARPUR(DEPUTY COMMISSIONER HOSHIARPUR_IDA),Punjab,75778852.0,414,VARINDER KUMAR SOOD,0.0605,0.0138,UNKNOWN,False,True,0.2251
Kabeerdham(DISTRICT COLLECTOR KABIRDHAM),Chhattisgarh,25206169.0,63,MS INDRANI POWER,0.0467,0.0204,UNKNOWN,False,True,0.2242
BANAS KANTHA(DISTRICT COLLECTOR BANAS KANTHA_IDA),Gujarat,44829615.0,98,GUJARAT LOKSEVA CHARITABLE TRUST,0.0558,0.0139,UNKNOWN,False,True,0.2237
PATIALA(DEPUTY COMMISSIONER PATIALA_IDA),Punjab,45030584.0,461,YASHODHA MOTORS PVT LTD,0.0582,0.0121,PRIVATE_ENTITY,False,True,0.2235
PANNA(DISTRICT COLLECTOR PANNA_IDA),Madhya Pradesh,6889947.0,5,GRAM PANCHAYAT SINGHORA,0.3517,0.2359,UNKNOWN,False,False,0.2235
MANDI(DEPUTY COMMISSIONER MANDI_IDA),Himachal Pradesh,34084984.0,177,G P BASSA,0.0557,0.0131,UNKNOWN,False,True,0.2233
BATHINDA(DEPUTY COMMISSIONER BHATINDA_IDA),Punjab,33619433.0,195,ARIHANT TRADERS,0.049,0.0171,UNKNOWN,False,True,0.2233
KORBA(Collector-Korba),Chhattisgarh,45479895.0,118,CEO JP PALI SANSAD MAD 18TH,0.0486,0.0164,UNKNOWN,False,True,0.2228
SABAR KANTHA(DISTRICT COLLECTOR SABARKANTHA_IDA),Gujarat,28412000.0,67,WEHEAR INNOVATIONS PRIVATE LIMITED,0.0456,0.0182,PRIVATE_ENTITY,False,True,0.2228
MORBI(District collector Morbi_IDA),Gujarat,26380881.0,65,NANJIBHAI DEVSHIBHAI MAKVANA,0.0444,0.019,UNKNOWN,False,True,0.2228
BASTAR(DISTRICT COLLECTOR BASTAR_IDA),Chhattisgarh,30710367.0,68,GRAM PANCHAYAT KORTA,0.0399,0.0211,UNKNOWN,False,True,0.2225
GIR SOMNATH(DISTRICT COLLECTOR GIR SOMNATH_IDA),Gujarat,31018380.0,88,PRUTHVI BUILDERS,0.0469,0.0147,PRIVATE_ENTITY,False,True,0.2214
HAMIRPUR(DEPUTY COMMISSIONER HAMIRPUR_IDA),Himachal Pradesh,9007870.0,61,MS GP NANAWAN FINANCE AC,0.0372,0.0205,UNKNOWN,False,True,0.2214
MANDLA(DISTRICT COLLECTOR MANDLA_IDA),Madhya Pradesh,21651544.0,60,GRAM PANCHAYAT BANJI,0.0369,0.02,UNKNOWN,False,True,0.2211
NAINITAL(DISTRICT MAGISTRATE NAINITAL_IDA),Uttarakhand,33199097.0,510,KVS NEXTGEN TRADERS,0.0469,0.013,UNKNOWN,False,True,0.2206
Sri Potti Sriramulu Nellore(DISTRICT COLLECTOR NELLORE_IDA),Andhra Pradesh,79002121.0,82,SRIHARI RAO AMARANENI,0.0379,0.0173,UNKNOWN,False,True,0.22
RAICHUR(DEPUTY COMMISSIONER RAICHUR_IDA),Karnataka,18276742.0,16,CASHUTEC NIRMITHI KENDRA,0.4309,0.2188,GOVERNMENT_ENTITY,False,True,0.2193
"SAITUAL(Dy. Commissioners Office, Saitual)",Mizoram,4750000.0,5,HRANGAWLIANA,0.3158,0.2465,UNKNOWN,False,False,0.218
South 24 Parganas(DISTRICT MAGISTRATE SOUTH TWENTY FOUR PARGANAS_IDA),West Bengal,223370169.0,319,SARDAR ENTERPRISE,0.0447,0.0088,UNKNOWN,False,True,0.2178
TUMAKURU(DEPUTY COMMISSIONER TUMKUR_IDA),Karnataka,48915905.0,24,TUMKUR NIRMITHI KENDRA,0.3756,0.2304,GOVERNMENT_ENTITY,False,True,0.2139
KHEDA(DISTRICT COLLECTOR KHEDA_IDA),Gujarat,53896453.0,144,LALI GRAM PANCHAYAT,0.0288,0.0104,UNKNOWN,False,True,0.2138
AMRELI(DISTRICT COLLECTOR AMRELI_IDA),Gujarat,52114170.0,134,DHARI NAGARPALIKA,0.0249,0.0093,UNKNOWN,False,True,0.2121
CHHINDWARA(DISTRICT COLLECTOR CHHINDWARA_IDA),Madhya Pradesh,40831343.0,241,HANUMAN PRASAD VISHKARMA,0.026,0.0086,UNKNOWN,False,True,0.2121
NARAYANPUR(Collector Narayanpur_IDA),Chhattisgarh,2286549.0,5,GRAM PANCHAYAT DUGGABEBGAL RAJYA PRAVARTIT YOJNA,0.3,0.2434,UNKNOWN,False,False,0.2117
SONBHADRA(DISTRICT MAGISTRATE SONBHADRA_IDA),Uttar Pradesh,63371961.0,19,UP STATE AGRO INDUSTRIAL CORPORATION LTD BICHPAI URMAURA,0.3735,0.1839,GOVERNMENT_ENTITY,False,True,0.202
SOUTH ANDAMANS(Implementing District Authority(SA)),Andaman And Nicobar Islands,11664827.0,6,CSE CONSTRUCTION PVT LTD,0.3133,0.2107,PRIVATE_ENTITY,False,False,0.1994
CHIKKAMAGALURU(DEPUTY COMMISSIONER CHIKMAGALUR),Karnataka,20036868.0,25,CHIKMAGALUR NIRMITHI KENDRA,0.3481,0.1831,GOVERNMENT_ENTITY,False,True,0.198
Mangan(DISTRICT COLLECTOR MANGAN_IDA),Sikkim,12963506.0,7,PALDEN WANGCHUK BHUTIA,0.3001,0.1891,UNKNOWN,False,False,0.1846
POONCH(Deputy Commissioner Poonch_IDA),Jammu And Kashmir,6013000.0,9,MUSHTAQ AHMED,0.3155,0.1777,UNKNOWN,False,False,0.1835
West Tripura(DISTRICT MAGISTRATE WEST TRIPURA_IDA),Tripura,26547185.0,13,MOUSUMI BANIK,0.3039,0.1721,UNKNOWN,False,False,0.1772
GAYA(DISTRICT PLANNING OFFICER GAYA_IDA),Bihar,127488253.0,13,RANJIT SALES CORPORATION,0.1937,0.1192,GOVERNMENT_ENTITY,False,True,0.1589
FATEHGARH SAHIB(DEPUTY COMMISSIONER FATEHGARH SAHIB_IDA),Punjab,8358121.0,45,LUDHIANA SALES CORPORATION PRIVATE LIMITED,0.2304,0.0761,GOVERNMENT_ENTITY,False,True,0.1536
Chumoukedima(Deputy Commissioner Chumoukedima_IDA),Nagaland,8800000.0,10,R IMSENTEMJEN,0.25,0.1488,UNKNOWN,False,False,0.1494
BELAGAVI(DEPUTY COMMISSIONER BELGAUM_IDA),Karnataka,32017861.0,41,DEPUTY COMMISSIONER AND CHAIRMAN PROJECT MANAGER NIRMITHI KENDRA BELAGAVI,0.1929,0.0772,GOVERNMENT_ENTITY,False,True,0.1482
"CHAMPHAI(DEPUTY COMMISIONER, CHAMPHAI)",Mizoram,5450000.0,10,KHAWBUNG YMA,0.2202,0.1547,UNKNOWN,False,False,0.1434
MOKOKCHUNG(Deputy Commissioner Mokokchung_IDA),Nagaland,84112380.0,26,IMLICHUBA,0.2247,0.1481,UNKNOWN,False,False,0.1415
Nayagada(DISTRICT COLLECTOR  NAYAGARH_IDA),Odisha,33372802.0,45,ODISHA DISTRIBUTING AUTHORITY,0.1713,0.0634,GOVERNMENT_ENTITY,False,True,0.1415
SHIMLA(DEPUTY COMMISSIONER SHIMLA_IDA),Himachal Pradesh,39897735.0,97,BLOCK DEVELOPMENT OFFICE RAMPUR LOK SABHA,0.1667,0.0525,GOVERNMENT_ENTITY,False,True,0.1381
UDUPI(DEPUTY COMMISSIONER UDUPI_IDA),Karnataka,37561435.0,58,NIRMITHI KENDRA UDUPI,0.1617,0.0451,GOVERNMENT_ENTITY,False,True,0.1355
SIRMAUR(DEPUTY COMMISSIONER SIRMOUR_IDA),Himachal Pradesh,38086476.0,78,BLOCK DEVELOPMENT OFFICER NAHAN,0.1352,0.0509,GOVERNMENT_ENTITY,False,True,0.133
SULTANPUR(DISTRICT MAGISTRATE SULTANPUR_IDA),Uttar Pradesh,89799614.0,17,AJAY KUMAR SINGH,0.221,0.128,UNKNOWN,False,False,0.1303
DAKSHINA KANNADA(DEPUTY COMMISSIONER DAKSHIN KANNAD MANGALORE_IDA),Karnataka,52504175.0,62,D K NIRMITHI KENDRA,0.0971,0.0327,GOVERNMENT_ENTITY,False,True,0.1227
JALGAON(DISTRICT COLLECTOR JALGAON_IDA),Maharashtra,19902650.0,11,GURUDATTA GAWANDI KAMGAR MAJOOR SAHAKARI SOCIETY LIMITED,0.2009,0.1242,PRIVATE_ENTITY,False,False,0.1224
BAGALKOTE(DEPUTY COMMISSIONER BAGALKOT_IDA),Karnataka,60763186.0,95,CHAIRMAN NIRMITHI KENDRA BAGALKOT,0.0967,0.02,GOVERNMENT_ENTITY,False,True,0.1195
JUNAGADH(DISTRICT COLLECTOR JUNAGADH_IDA),Gujarat,33057323.0,79,SAMARPAN CORPORATION,0.0895,0.0228,GOVERNMENT_ENTITY,False,True,0.1191
BALOD(Collector Balod_IDA),Chhattisgarh,5354000.0,9,GRAM PANCHAYAT BADAJUNGERA,0.1701,0.1222,UNKNOWN,False,False,0.1121
Lahaul And Spiti(DEPUTY COMMISSIONER L and S_IDA),Himachal Pradesh,4025292.0,10,GP SHANSHA,0.1739,0.1177,UNKNOWN,False,False,0.111
MAHASAMUND(DISTRICT COLLECTOR MAHASAMUND_IDA),Chhattisgarh,54235524.0,81,EXICUTIVE ENGINEER PWD EM DIVISION NAVA RAIPUR,0.0392,0.017,GOVERNMENT_ENTITY,False,True,0.1101
GWALIOR(DISTRICT COLLECTOR GWALIOR_IDA),Madhya Pradesh,8797227.0,13,BAHUBALI ASSOCIATES,0.1573,0.1095,PRIVATE_ENTITY,False,False,0.1019
EASTERN WEST KHASI HILLS(DEPUTY COMMISSIONER EASTERN WEST KHASI HILLS MAIRANG_IDA),Meghalaya,2450000.0,12,ST THOMAS HSS HIGHER SECONDARY SECTION,0.1429,0.0962,UNKNOWN,False,False,0.091
SOUTH WEST KHASI HILLS(DEPUTY COMMISSIONER SOUTH WEST KHASI HILLS MAWKRYWAT_IDA),Meghalaya,3175000.0,12,BOWELMAN,0.1417,0.0931,UNKNOWN,False,False,0.0891
REWARI(District Commissioner Rewari),Haryana,21055017.0,21,SHRI BHAGWAT BHAKTI ASHRAM RAMPURA REWARI,0.1567,0.0722,UNKNOWN,False,False,0.0831
KOREA(Collector Korea_IDA),Chhattisgarh,3858885.0,14,GRAM PANCHAYAT KAILASHPUR,0.1296,0.0839,UNKNOWN,False,False,0.0808
LOWER SIANG(Deputy Commisioner Lower Siang_IDA),Arunachal Pradesh,6800000.0,19,IGE BOJE,0.1471,0.07,UNKNOWN,False,False,0.0791
"Siaha(Deputy Commissioner, Siaha)",Mizoram,6712500.0,20,K CHHALAI,0.149,0.0668,UNKNOWN,False,False,0.0781
BALANGIR(DISTRICT COLLECTOR BOLANGIR_IDA),Odisha,4493424.0,15,ALOK KUMAR NAYAK,0.1113,0.0703,UNKNOWN,False,False,0.0685
SOUTH WEST GARO HILLS(DEPUTY COMMISSIONER SOUTH WEST GARO HILLS AMPATI_IDA),Meghalaya,4350000.0,18,DONBOSH N SANGMA,0.1149,0.0672,UNKNOWN,False,False,0.0681
SOUTH GARO HILLS(DEPUTY COMMISSIONER BAGHMARA_IDA),Meghalaya,4850000.0,18,RAKMAN SANGMA,0.1031,0.0737,UNKNOWN,False,False,0.0678
BHANDARA(DISTRICT COLLECTOR BHANDARA_IDA),Maharashtra,11567674.0,16,GRAM PANCHAYAT CHANDORI,0.1035,0.0662,UNKNOWN,False,False,0.0641
EAST JAINTIA HILLS(DEPUTY COMMISSIONER EAST JAINTIA HILLS KHLIEHRIAT_IDA),Meghalaya,7100000.0,20,SEIN RAIJ BATAW,0.1056,0.0619,UNKNOWN,False,False,0.0626
SANGLI(DISTRICT COLLECTOR SANGLI_IDA),Maharashtra,27133283.0,22,COSINE GREEN POWER,0.1138,0.0538,UNKNOWN,False,False,0.061
BARPETA(DEPUTY COMMISSIONER BARPETA 1),Assam,11690000.0,23,CL STG DEV EA FIL DAL STR MRM,0.0855,0.0571,UNKNOWN,False,False,0.0542
Dharashiv(DISTRICT COLLECTOR OSMANABAD_IDA),Maharashtra,21379625.0,23,CHAIRMAN SHRAMJIVI MAJOOR SAHAKARI SANSTHA TULJAPUR,0.0884,0.0541,UNKNOWN,False,False,0.0536
SATARA(DISTRICT COLLECTOR SATARA_IDA),Maharashtra,17132398.0,23,SWAPNIL RAGHUNATH THORAT,0.0869,0.0493,UNKNOWN,False,False,0.0507
BIKANER(DISTRICT COLLECTOR BIKANER_IDA),Rajasthan,29892821.0,26,AKHIL BHARTIYA BISHNOI MAHASABHA,0.0836,0.0493,UNKNOWN,False,False,0.0497
DHAMTARI(DISTRICT COLLECTOR DHAMTARI_IDA),Chhattisgarh,13929364.0,23,GRAM PANCHAYAT KODEGAON RY,0.0754,0.051,UNKNOWN,False,False,0.0481
BONGAIGAON(Deputy Commissioner Bongaigaon_IDA),Assam,27808800.0,35,CONSTRUCTION OF LT LINE FOR PROVIDING POWER SUPPLY TO STREET LIGHTS,0.0863,0.0389,PRIVATE_ENTITY,False,False,0.0453
WEST JAINTIA HILLS(DEPUTY COMMISSIONER WEST JAINTIA HILLS JOWAI_IDA),Meghalaya,12094000.0,37,RI WAR JAINTIA COLLEGE,0.0827,0.0366,UNKNOWN,False,False,0.0431
KALIMPONG(District Magistrate Kalimpong_IDA),West Bengal,13921653.0,27,NITESH PRADHAN,0.0642,0.0401,UNKNOWN,False,False,0.0393
KAMRUP METRO(DEPUTY COMMISSIONER KAMRUP METROPOLITAN_IDA),Assam,39934688.0,51,CONST OF BYE LANE NO 1 HOLLY HOME SENIOR SECONDARY SCHOOL ROAD,0.0626,0.0298,UNKNOWN,False,False,0.0337
BHADRAK(DISTRICT COLLECTOR BHADRAK_IDA),Odisha,15252069.0,39,NRUSINGHA CHARAN DUTTA,0.0393,0.0278,UNKNOWN,False,False,0.0257
"EAST KHASI HILLS(Deputy Commissioner, East Khasi Hills District)",Meghalaya,21845000.0,57,PGT COLLEGE,0.0458,0.0231,UNKNOWN,False,False,0.0253
